{
  "ContainedWords": [],
  "Context": [
    {
      "Key": "PRIMARY_SOURCE",
      "Value": "MANUALLY ENTERED"
    },
    {
      "Key": "PLURAL",
      "Value": "POWERSHELL DEVELOPERS"
    },
    {
      "Key": "LANGUAGE",
      "Value": "ENGLISH"
    }
  ],
  "Domain": [ "TECHNOLOGY" ],
  "HasTags": [],
  "Id": "CAREER_POWERSHELL_DEVELOPER",
  "IsTags": [ "CAREER_SOFTWARE_DEVELOPER" ],
  "Rules": [],
  "Synonyms": [],
  "Text": "Powershell Developer",
  "TextMode": "EXACT"
}
