{
  "ContainedWords": [],
  "Context": [
    {
      "Key": "PRIMARY_SOURCE",
      "Value": "MANUALLY ENTERED"
    },
    {
      "Key": "PLURAL",
      "Value": "JAVA DEVELOPERS"
    },
    {
      "Key": "LANGUAGE",
      "Value": "ENGLISH"
    }
  ],
  "Domain": [ "TECHNOLOGY" ],
  "HasTags": [],
  "Id": "CAREER_JAVA_DEVELOPER",
  "IsTags": [ "CAREER" ],
  "Rules": [],
  "Synonyms": [ "Programmer", "Software Engineer", "Code Jockey" ],
  "Text": "Java Developer",
  "TextMode": ""
}
