{
  "ContainedWords": [],
  "Context": [
    {
      "Key": "PRIMARY_SOURCE",
      "Value": "MANUALLY ENTERED"
    },
    {
      "Key": "PLURAL",
      "Value": "SOFTWARE DEVELOPERS"
    },
    {
      "Key": "LANGUAGE",
      "Value": "ENGLISH"
    },
  ],
  "Domain": [ "TECHNOLOGY" ],
  "HasTags": [ ],
  "Id": "CAREER_SOFTWARE_DEVELOPER",
  "IsTags": ["TECHIE"],
  "Rules": [],
  "Synonyms": ["PROGRAMMER", "SOFTWARE ENGINEER", "CODE JOCKEY"],
  "Text": "Software Developer",
  "TextMode": "EXACT"
}
