{"ContainedWords":[{"Classifications":["CONTINENT","LOCATION"],"Context":[{"Key":"PRIMARY_SOURCE","Value":"UCP_ENGINE_NER_MAP_STATIC_COUNTRY_MAP"},{"Key":"LANGUAGE","Value":"ENGLISH"}],"Domain":["GEOGRAPHY"],"Id":"CONTINENT_ASIA","PrimaryClassification":"noun","Rules":[],"Text":"Asia","UpperCaseText":"ASIA"}],"Context":[{"Key":"\"CONTINENT,LOCATION\"","Value":""},{"Key":"PRIMARY_SOURCE","Value":"UCP_ENGINE_NER_MAP_STATIC_COUNTRY_MAP"},{"Key":"CLASSIFICATION","Value":"LOCATION"},{"Key":"LANGUAGE","Value":"ENGLISH"}],"Domain":["GEOGRAPHY"],"HasTags":[],"Id":"CONTINENT_ASIA","IsTags":["GEOGRAPHY_CONTINENT"],"Rules":[],"Synonyms":[],"Text":"Asia","TextMode":""}