{"ContainedWords":[{"Classifications":["CONTINENT","LOCATION"],"Context":[{"Key":"PRIMARY_SOURCE","Value":"UCP_ENGINE_NER_MAP_STATIC_COUNTRY_MAP"},{"Key":"LANGUAGE","Value":"ENGLISH"}],"Domain":["GEOGRAPHY"],"Id":"CONTINENT_OCEANIA","PrimaryClassification":"noun","Rules":[],"Text":"Oceania","UpperCaseText":"OCEANIA"}],"Context":[{"Key":"\"CONTINENT,LOCATION\"","Value":""},{"Key":"PRIMARY_SOURCE","Value":"UCP_ENGINE_NER_MAP_STATIC_COUNTRY_MAP"},{"Key":"CLASSIFICATION","Value":"LOCATION"},{"Key":"PLURAL","Value":"CONTINENTS"},{"Key":"LANGUAGE","Value":"ENGLISH"}],"Domain":["GEOGRAPHY"],"HasTags":[],"Id":"CONTINENT_OCEANIA","IsTags":["GEOGRAPHY_CONTINENT"],"Rules":[],"Synonyms":null,"Text":"Oceania","TextMode":""}