{"ContainedWords":[{"Classifications":[],"Context":[{"Key":"PRIMARY_SOURCE","Value":"UCP_ENGINE_NER_MAP_STATIC_COUNTRY_MAP"},{"Key":"LANGUAGE","Value":"ENGLISH"}],"Domain":[],"Id":"WEBSTERS_NOT","PrimaryClassification":"","Rules":[],"Text":"not","UpperCaseText":"NOT"},{"Classifications":[],"Context":[{"Key":"PRIMARY_SOURCE","Value":"UCP_ENGINE_NER_MAP_STATIC_COUNTRY_MAP"},{"Key":"LANGUAGE","Value":"ENGLISH"}],"Domain":[],"Id":"WEBSTERS_CURRENTLY","PrimaryClassification":"","Rules":[],"Text":"currently","UpperCaseText":"CURRENTLY"},{"Classifications":[],"Context":[{"Key":"PRIMARY_SOURCE","Value":"UCP_ENGINE_NER_MAP_STATIC_COUNTRY_MAP"},{"Key":"LANGUAGE","Value":"ENGLISH"}],"Domain":[],"Id":"WEBSTERS_KNOWN","PrimaryClassification":"","Rules":[],"Text":"known","UpperCaseText":"KNOWN"}],"Context":[{"Key":"PRIMARY_SOURCE","Value":"UCP_ENGINE_NER_MAP_STATIC_COUNTRY_MAP"},{"Key":"CLASSIFICATION","Value":"LOCATION"},{"Key":"LANGUAGE","Value":"ENGLISH"}],"Domain":["GEOGRAPHY"],"HasTags":[],"Id":"CONTINENT_NOT_CURRENTLY_KNOWN","IsTags":["GEOGRAPHY_CONTINENT"],"Rules":[],"Synonyms":[],"Text":"NOT CURRENTLY KNOWN","TextMode":""}