{
  "ContainedWords": [
    {
      "Classifications": [ "CONTINENT", "LOCATION" ],
      "Context": [
        {
          "Key": "PRIMARY_SOURCE",
          "Value": "UCP_ENGINE_NER_MAP_STATIC_COUNTRY_MAP"
        },
        {
          "Key": "LANGUAGE",
          "Value": "ENGLISH"
        }
      ],
      "Domain": [ "GEOGRAPHY" ],
      "Id": "CONTINENT_AFRICA",
      "PrimaryClassification": "noun",
      "Rules": [],
      "Text": "Africa",
      "UpperCaseText": "AFRICA"
    }
  ],
  "Context": [
    {
      "Key": "PRIMARY_SOURCE",
      "Value": "UCP_ENGINE_NER_MAP_STATIC_COUNTRY_MAP"
    },
    {
      "Key": "LANGUAGE",
      "Value": "ENGLISH"
    },
    {
      "Key": "CLASSIFICATION",
      "Value": "LOCATION,PLACE"
    }
  ],
  "Domain": [ "GEOGRAPHY" ],
  "HasTags": [ "ASTRONOMY_PLANET_EARTH" ],
  "Id": "CONTINENT_AFRICA",
  "IsTags": [ "GEOGRAPHY_CONTINENT" ],
  "Rules": [],
  "Synonyms": [],
  "Text": "Africa",
  "TextMode": ""
}
