{"ContainedWords":[{"Classifications":["CONTINENT","LOCATION"],"Context":[{"Key":"PRIMARY_SOURCE","Value":"UCP_ENGINE_NER_MAP_STATIC_COUNTRY_MAP"},{"Key":"LANGUAGE","Value":"ENGLISH"}],"Domain":["GEOGRAPHY"],"Id":"CONTINENT_ANTARCTICA","PrimaryClassification":"noun","Rules":[],"Text":"Antarctica","UpperCaseText":"ANTARCTICA"}],"Context":[{"Key":"PRIMARY_SOURCE","Value":"UCP_ENGINE_NER_MAP_STATIC_COUNTRY_MAP"},{"Key":"LANGUAGE","Value":"ENGLISH"},{"Key":"CLASSIFICATION","Value":"LOCATION"}],"Domain":["GEOGRAPHY"],"HasTags":["ASTRONOMY_PLANET_EARTH"],"Id":"CONTINENT_ANTARCTICA","IsTags":["GEOGRAPHY_CONTINENT"],"Rules":[],"Synonyms":[],"Text":"Antarctica","TextMode":""}