{"ContainedWords":[{"Classifications":["COUNTRY","LOCATION"],"Context":[{"Key":"PRIMARY_SOURCE","Value":"UCP_ENGINE_NER_MAP_STATIC_COUNTRY_MAP"},{"Key":"LANGUAGE","Value":"ENGLISH"}],"Domain":["GEOGRAPHY"],"Id":"COUNTRY_SYR","PrimaryClassification":"noun","Rules":null,"Text":"Syrian Arab Republic","UpperCaseText":"SYRIAN ARAB REPUBLIC"},{"Classifications":[],"Context":[{"Key":"\"COUNTRY,LOCATION\"","Value":""},{"Key":"PRIMARY_SOURCE","Value":"UCP_ENGINE_NER_MAP_STATIC_COUNTRY_MAP"},{"Key":"LANGUAGE","Value":"ENGLISH"}],"Domain":["GEOGRAPHY"],"Id":"GENERATED_SYRIAN","PrimaryClassification":null,"Rules":[],"Text":"Syrian","UpperCaseText":"SYRIAN"},{"Classifications":[],"Context":[{"Key":"\"COUNTRY,LOCATION\"","Value":""},{"Key":"PRIMARY_SOURCE","Value":"UCP_ENGINE_NER_MAP_STATIC_COUNTRY_MAP"},{"Key":"LANGUAGE","Value":"ENGLISH"}],"Domain":["GEOGRAPHY"],"Id":"GENERATED_ARAB","PrimaryClassification":null,"Rules":[],"Text":"Arab","UpperCaseText":"ARAB"},{"Classifications":[],"Context":[{"Key":"\"COUNTRY,LOCATION\"","Value":""},{"Key":"PRIMARY_SOURCE","Value":"UCP_ENGINE_NER_MAP_STATIC_COUNTRY_MAP"},{"Key":"LANGUAGE","Value":"ENGLISH"}],"Domain":["GEOGRAPHY"],"Id":"GENERATED_REPUBLIC","PrimaryClassification":null,"Rules":[],"Text":"Republic","UpperCaseText":"REPUBLIC"}],"Context":[{"Key":"\"COUNTRY,LOCATION\"","Value":""},{"Key":"PRIMARY_SOURCE","Value":"UCP_ENGINE_NER_MAP_STATIC_COUNTRY_MAP"},{"Key":"LANGUAGE","Value":"ENGLISH"}],"Domain":["GEOGRAPHY"],"HasTags":["CONTINENT_ASIA"],"Id":"NER_MAPS_STATIC_GRAMMAR_BLOCK_COUNTRY_SYR","IsTags":["GEOGRAPHY_COUNTRY"],"Rules":null,"Synonyms":["SYRIAN ARAB REPUBLIC","SYRIA"],"Text":"Syrian Arab Republic","TextMode":""}