{"ContainedWords":[{"Classifications":["COUNTRY","LOCATION"],"Context":[{"Key":"PRIMARY_SOURCE","Value":"UCP_ENGINE_NER_MAP_STATIC_COUNTRY_MAP"},{"Key":"LANGUAGE","Value":"ENGLISH"}],"Domain":["GEOGRAPHY"],"Id":"COUNTRY_AIA","PrimaryClassification":"noun","Rules":null,"Text":"Anguilla","UpperCaseText":"ANGUILLA"}],"Context":[{"Key":"\"COUNTRY,LOCATION\"","Value":""},{"Key":"PRIMARY_SOURCE","Value":"UCP_ENGINE_NER_MAP_STATIC_COUNTRY_MAP"},{"Key":"LANGUAGE","Value":"ENGLISH"}],"Domain":["GEOGRAPHY"],"HasTags":["CONTINENT_AMERICAS"],"Id":"NER_MAPS_STATIC_GRAMMAR_BLOCK_COUNTRY_AIA","IsTags":["GEOGRAPHY_COUNTRY"],"Rules":null,"Synonyms":null,"Text":"Anguilla","TextMode":""}