{"ContainedWords":[{"Classifications":["COUNTRY","LOCATION"],"Context":[{"Key":"PRIMARY_SOURCE","Value":"UCP_ENGINE_NER_MAP_STATIC_COUNTRY_MAP"},{"Key":"LANGUAGE","Value":"ENGLISH"}],"Domain":["GEOGRAPHY"],"Id":"COUNTRY_VNM","PrimaryClassification":"noun","Rules":null,"Text":"Viet Nam","UpperCaseText":"VIET NAM"},{"Classifications":[],"Context":[{"Key":"\"COUNTRY,LOCATION\"","Value":""},{"Key":"PRIMARY_SOURCE","Value":"UCP_ENGINE_NER_MAP_STATIC_COUNTRY_MAP"},{"Key":"LANGUAGE","Value":"ENGLISH"}],"Domain":["GEOGRAPHY"],"Id":"GENERATED_VIET","PrimaryClassification":null,"Rules":[],"Text":"Viet","UpperCaseText":"VIET"},{"Classifications":null,"Context":[{"Key":"\"COUNTRY,LOCATION\"","Value":""},{"Key":"PRIMARY_SOURCE","Value":"UCP_ENGINE_NER_MAP_STATIC_COUNTRY_MAP"},{"Key":"LANGUAGE","Value":"ENGLISH"}],"Domain":["GEOGRAPHY"],"Id":"NER_MAPS_STATIC_GRAMMAR_BLOCK_COUNTRY_VNM","PrimaryClassification":null,"Rules":null,"Text":"Viet Nam","UpperCaseText":null},{"Classifications":null,"Context":[{"Key":"\"COUNTRY,LOCATION\"","Value":""},{"Key":"PRIMARY_SOURCE","Value":"UCP_ENGINE_NER_MAP_STATIC_COUNTRY_MAP"},{"Key":"LANGUAGE","Value":"ENGLISH"}],"Domain":["GEOGRAPHY"],"Id":"NER_MAPS_STATIC_GRAMMAR_BLOCK_COUNTRY_VNM","PrimaryClassification":null,"Rules":null,"Text":"Viet Nam","UpperCaseText":null},{"Classifications":null,"Context":[{"Key":"\"COUNTRY,LOCATION\"","Value":""},{"Key":"PRIMARY_SOURCE","Value":"UCP_ENGINE_NER_MAP_STATIC_COUNTRY_MAP"},{"Key":"LANGUAGE","Value":"ENGLISH"}],"Domain":["GEOGRAPHY"],"Id":"NER_MAPS_STATIC_GRAMMAR_BLOCK_COUNTRY_VNM","PrimaryClassification":null,"Rules":null,"Text":"Viet Nam","UpperCaseText":null}],"Context":[{"Key":"\"COUNTRY,LOCATION\"","Value":""},{"Key":"PRIMARY_SOURCE","Value":"UCP_ENGINE_NER_MAP_STATIC_COUNTRY_MAP"},{"Key":"LANGUAGE","Value":"ENGLISH"}],"Domain":["GEOGRAPHY"],"HasTags":["CONTINENT_AMERICAS"],"Id":"NER_MAPS_STATIC_GRAMMAR_BLOCK_COUNTRY_VNM","IsTags":["GEOGRAPHY_COUNTRY"],"Rules":null,"Synonyms":null,"Text":"Viet Nam","TextMode":""}