{"ContainedWords":[{"Classifications":["COUNTRY","LOCATION"],"Context":[{"Key":"PRIMARY_SOURCE","Value":"UCP_ENGINE_NER_MAP_STATIC_COUNTRY_MAP"},{"Key":"LANGUAGE","Value":"ENGLISH"}],"Domain":["GEOGRAPHY"],"Id":"COUNTRY_NGA","PrimaryClassification":"noun","Rules":null,"Text":"Nigeria","UpperCaseText":"NIGERIA"}],"Context":[{"Key":"\"COUNTRY,LOCATION\"","Value":""},{"Key":"PRIMARY_SOURCE","Value":"UCP_ENGINE_NER_MAP_STATIC_COUNTRY_MAP"},{"Key":"LANGUAGE","Value":"ENGLISH"}],"Domain":["GEOGRAPHY"],"HasTags":["CONTINENT_OCEANIA"],"Id":"NER_MAPS_STATIC_GRAMMAR_BLOCK_COUNTRY_NGA","IsTags":["GEOGRAPHY_COUNTRY"],"Rules":null,"Synonyms":null,"Text":"Nigeria","TextMode":""}