{"ContainedWords":[{"Classifications":["COUNTRY","LOCATION"],"Context":[{"Key":"PRIMARY_SOURCE","Value":"UCP_ENGINE_NER_MAP_STATIC_COUNTRY_MAP"},{"Key":"LANGUAGE","Value":"ENGLISH"}],"Domain":["GEOGRAPHY"],"Id":"COUNTRY_IOT","PrimaryClassification":"noun","Rules":null,"Text":"British Indian Ocean Territory (the)","UpperCaseText":"BRITISH INDIAN OCEAN TERRITORY (THE)"},{"Classifications":[],"Context":[{"Key":"\"COUNTRY,LOCATION\"","Value":""},{"Key":"PRIMARY_SOURCE","Value":"UCP_ENGINE_NER_MAP_STATIC_COUNTRY_MAP"},{"Key":"LANGUAGE","Value":"ENGLISH"}],"Domain":["GEOGRAPHY"],"Id":"GENERATED_BRITISH","PrimaryClassification":null,"Rules":[],"Text":"British","UpperCaseText":"BRITISH"},{"Classifications":[],"Context":[{"Key":"\"COUNTRY,LOCATION\"","Value":""},{"Key":"PRIMARY_SOURCE","Value":"UCP_ENGINE_NER_MAP_STATIC_COUNTRY_MAP"},{"Key":"LANGUAGE","Value":"ENGLISH"}],"Domain":["GEOGRAPHY"],"Id":"GENERATED_INDIAN","PrimaryClassification":null,"Rules":[],"Text":"Indian","UpperCaseText":"INDIAN"},{"Classifications":[],"Context":[{"Key":"\"COUNTRY,LOCATION\"","Value":""},{"Key":"PRIMARY_SOURCE","Value":"UCP_ENGINE_NER_MAP_STATIC_COUNTRY_MAP"},{"Key":"LANGUAGE","Value":"ENGLISH"}],"Domain":["GEOGRAPHY"],"Id":"GENERATED_OCEAN","PrimaryClassification":null,"Rules":[],"Text":"Ocean","UpperCaseText":"OCEAN"},{"Classifications":[],"Context":[{"Key":"\"COUNTRY,LOCATION\"","Value":""},{"Key":"PRIMARY_SOURCE","Value":"UCP_ENGINE_NER_MAP_STATIC_COUNTRY_MAP"},{"Key":"LANGUAGE","Value":"ENGLISH"}],"Domain":["GEOGRAPHY"],"Id":"GENERATED_TERRITORY","PrimaryClassification":null,"Rules":[],"Text":"Territory","UpperCaseText":"TERRITORY"},{"Classifications":[],"Context":[{"Key":"\"COUNTRY,LOCATION\"","Value":""},{"Key":"PRIMARY_SOURCE","Value":"UCP_ENGINE_NER_MAP_STATIC_COUNTRY_MAP"},{"Key":"LANGUAGE","Value":"ENGLISH"}],"Domain":["GEOGRAPHY"],"Id":"GENERATED_THE","PrimaryClassification":null,"Rules":[],"Text":"the","UpperCaseText":"THE"}],"Context":[{"Key":"\"COUNTRY,LOCATION\"","Value":""},{"Key":"PRIMARY_SOURCE","Value":"UCP_ENGINE_NER_MAP_STATIC_COUNTRY_MAP"},{"Key":"LANGUAGE","Value":"ENGLISH"}],"Domain":["GEOGRAPHY"],"HasTags":["CONTINENT_NOT_CURRENTLY_KNOWN"],"Id":"NER_MAPS_STATIC_GRAMMAR_BLOCK_COUNTRY_IOT","IsTags":["GEOGRAPHY_COUNTRY"],"Rules":null,"Synonyms":["THE BRITISH INDIAN OCEAN TERRITORY","BRITISH INDIAN OCEAN TERRITORY"],"Text":"British Indian Ocean Territory (the)","TextMode":""}