{"ContainedWords":[{"Classifications":["COUNTRY","LOCATION"],"Context":[{"Key":"PRIMARY_SOURCE","Value":"UCP_ENGINE_NER_MAP_STATIC_COUNTRY_MAP"},{"Key":"LANGUAGE","Value":"ENGLISH"}],"Domain":["GEOGRAPHY"],"Id":"COUNTRY_RUS","PrimaryClassification":"noun","Rules":null,"Text":"Russian Federation (the)","UpperCaseText":"RUSSIAN FEDERATION (THE)"},{"Classifications":[],"Context":[{"Key":"\"COUNTRY,LOCATION\"","Value":""},{"Key":"PRIMARY_SOURCE","Value":"UCP_ENGINE_NER_MAP_STATIC_COUNTRY_MAP"},{"Key":"LANGUAGE","Value":"ENGLISH"}],"Domain":["GEOGRAPHY"],"Id":"GENERATED_RUSSIAN","PrimaryClassification":null,"Rules":[],"Text":"Russian","UpperCaseText":"RUSSIAN"},{"Classifications":[],"Context":[{"Key":"\"COUNTRY,LOCATION\"","Value":""},{"Key":"PRIMARY_SOURCE","Value":"UCP_ENGINE_NER_MAP_STATIC_COUNTRY_MAP"},{"Key":"LANGUAGE","Value":"ENGLISH"}],"Domain":["GEOGRAPHY"],"Id":"GENERATED_FEDERATION","PrimaryClassification":null,"Rules":[],"Text":"Federation","UpperCaseText":"FEDERATION"},{"Classifications":[],"Context":[{"Key":"\"COUNTRY,LOCATION\"","Value":""},{"Key":"PRIMARY_SOURCE","Value":"UCP_ENGINE_NER_MAP_STATIC_COUNTRY_MAP"},{"Key":"LANGUAGE","Value":"ENGLISH"}],"Domain":["GEOGRAPHY"],"Id":"GENERATED_THE","PrimaryClassification":null,"Rules":[],"Text":"the","UpperCaseText":"THE"}],"Context":[{"Key":"\"COUNTRY,LOCATION\"","Value":""},{"Key":"PRIMARY_SOURCE","Value":"UCP_ENGINE_NER_MAP_STATIC_COUNTRY_MAP"},{"Key":"LANGUAGE","Value":"ENGLISH"}],"Domain":["GEOGRAPHY"],"HasTags":["CONTINENT_AFRICA"],"Id":"NER_MAPS_STATIC_GRAMMAR_BLOCK_COUNTRY_RUS","IsTags":["GEOGRAPHY_COUNTRY"],"Rules":null,"Synonyms":["RUSSIAN FEDERATION","THE RUSSIAN FEDERATION"],"Text":"Russian Federation (the)","TextMode":""}