{"ContainedWords":[{"Classifications":["COUNTRY","LOCATION"],"Context":[{"Key":"PRIMARY_SOURCE","Value":"UCP_ENGINE_NER_MAP_STATIC_COUNTRY_MAP"},{"Key":"LANGUAGE","Value":"ENGLISH"}],"Domain":["GEOGRAPHY"],"Id":"COUNTRY_FLK","PrimaryClassification":"noun","Rules":null,"Text":"Falkland Islands (the) [Malvinas]","UpperCaseText":"FALKLAND ISLANDS (THE) [MALVINAS]"},{"Classifications":[],"Context":[{"Key":"\"COUNTRY,LOCATION\"","Value":""},{"Key":"PRIMARY_SOURCE","Value":"UCP_ENGINE_NER_MAP_STATIC_COUNTRY_MAP"},{"Key":"LANGUAGE","Value":"ENGLISH"}],"Domain":["GEOGRAPHY"],"Id":"GENERATED_FALKLAND","PrimaryClassification":null,"Rules":[],"Text":"Falkland","UpperCaseText":"FALKLAND"},{"Classifications":[],"Context":[{"Key":"\"COUNTRY,LOCATION\"","Value":""},{"Key":"PRIMARY_SOURCE","Value":"UCP_ENGINE_NER_MAP_STATIC_COUNTRY_MAP"},{"Key":"LANGUAGE","Value":"ENGLISH"}],"Domain":["GEOGRAPHY"],"Id":"GENERATED_ISLANDS","PrimaryClassification":null,"Rules":[],"Text":"Islands","UpperCaseText":"ISLANDS"},{"Classifications":[],"Context":[{"Key":"\"COUNTRY,LOCATION\"","Value":""},{"Key":"PRIMARY_SOURCE","Value":"UCP_ENGINE_NER_MAP_STATIC_COUNTRY_MAP"},{"Key":"LANGUAGE","Value":"ENGLISH"}],"Domain":["GEOGRAPHY"],"Id":"GENERATED_THE","PrimaryClassification":null,"Rules":[],"Text":"the","UpperCaseText":"THE"},{"Classifications":[],"Context":[{"Key":"\"COUNTRY,LOCATION\"","Value":""},{"Key":"PRIMARY_SOURCE","Value":"UCP_ENGINE_NER_MAP_STATIC_COUNTRY_MAP"},{"Key":"LANGUAGE","Value":"ENGLISH"}],"Domain":["GEOGRAPHY"],"Id":"GENERATED_MALVINAS","PrimaryClassification":null,"Rules":[],"Text":"Malvinas","UpperCaseText":"MALVINAS"}],"Context":[{"Key":"\"COUNTRY,LOCATION\"","Value":""},{"Key":"PRIMARY_SOURCE","Value":"UCP_ENGINE_NER_MAP_STATIC_COUNTRY_MAP"},{"Key":"LANGUAGE","Value":"ENGLISH"}],"Domain":["GEOGRAPHY"],"HasTags":["CONTINENT_AMERICAS"],"Id":"NER_MAPS_STATIC_GRAMMAR_BLOCK_COUNTRY_FLK","IsTags":["GEOGRAPHY_COUNTRY"],"Rules":null,"Synonyms":["FALKLAND ISLADS"],"Text":"Falkland Islands (the) [Malvinas]","TextMode":""}