{"ContainedWords":[{"Classifications":["COUNTRY","LOCATION"],"Context":[{"Key":"PRIMARY_SOURCE","Value":"UCP_ENGINE_NER_MAP_STATIC_COUNTRY_MAP"},{"Key":"LANGUAGE","Value":"ENGLISH"}],"Domain":["GEOGRAPHY"],"Id":"COUNTRY_MSR","PrimaryClassification":"noun","Rules":null,"Text":"Montserrat","UpperCaseText":"MONTSERRAT"}],"Context":[{"Key":"\"COUNTRY,LOCATION\"","Value":""},{"Key":"PRIMARY_SOURCE","Value":"UCP_ENGINE_NER_MAP_STATIC_COUNTRY_MAP"},{"Key":"LANGUAGE","Value":"ENGLISH"}],"Domain":["GEOGRAPHY"],"HasTags":["CONTINENT_AFRICA"],"Id":"NER_MAPS_STATIC_GRAMMAR_BLOCK_COUNTRY_MSR","IsTags":["GEOGRAPHY_COUNTRY"],"Rules":null,"Synonyms":null,"Text":"Montserrat","TextMode":""}