{"ContainedWords":[{"Classifications":["COUNTRY","LOCATION"],"Context":[{"Key":"PRIMARY_SOURCE","Value":"UCP_ENGINE_NER_MAP_STATIC_COUNTRY_MAP"},{"Key":"LANGUAGE","Value":"ENGLISH"}],"Domain":["GEOGRAPHY"],"Id":"COUNTRY_NLD","PrimaryClassification":"noun","Rules":null,"Text":"Netherlands (the)","UpperCaseText":"NETHERLANDS (THE)"},{"Classifications":[],"Context":[{"Key":"\"COUNTRY,LOCATION\"","Value":""},{"Key":"PRIMARY_SOURCE","Value":"UCP_ENGINE_NER_MAP_STATIC_COUNTRY_MAP"},{"Key":"LANGUAGE","Value":"ENGLISH"}],"Domain":["GEOGRAPHY"],"Id":"GENERATED_NETHERLANDS","PrimaryClassification":null,"Rules":[],"Text":"Netherlands","UpperCaseText":"NETHERLANDS"},{"Classifications":[],"Context":[{"Key":"\"COUNTRY,LOCATION\"","Value":""},{"Key":"PRIMARY_SOURCE","Value":"UCP_ENGINE_NER_MAP_STATIC_COUNTRY_MAP"},{"Key":"LANGUAGE","Value":"ENGLISH"}],"Domain":["GEOGRAPHY"],"Id":"GENERATED_THE","PrimaryClassification":null,"Rules":[],"Text":"the","UpperCaseText":"THE"}],"Context":[{"Key":"\"COUNTRY,LOCATION\"","Value":""},{"Key":"PRIMARY_SOURCE","Value":"UCP_ENGINE_NER_MAP_STATIC_COUNTRY_MAP"},{"Key":"LANGUAGE","Value":"ENGLISH"}],"Domain":["GEOGRAPHY"],"HasTags":["CONTINENT_AMERICAS"],"Id":"NER_MAPS_STATIC_GRAMMAR_BLOCK_COUNTRY_NLD","IsTags":["GEOGRAPHY_COUNTRY"],"Rules":null,"Synonyms":["NETHERLANDS","THE NETHERLANDS"],"Text":"Netherlands (the)","TextMode":""}