{"ContainedWords":[{"Classifications":["COUNTRY","LOCATION"],"Context":[{"Key":"PRIMARY_SOURCE","Value":"UCP_ENGINE_NER_MAP_STATIC_COUNTRY_MAP"},{"Key":"LANGUAGE","Value":"ENGLISH"}],"Domain":["GEOGRAPHY"],"Id":"COUNTRY_PSE","PrimaryClassification":"noun","Rules":null,"Text":"\"Palestine, State of\"","UpperCaseText":"\"PALESTINE, STATE OF\""},{"Classifications":[],"Context":[{"Key":"\"COUNTRY,LOCATION\"","Value":""},{"Key":"PRIMARY_SOURCE","Value":"UCP_ENGINE_NER_MAP_STATIC_COUNTRY_MAP"},{"Key":"LANGUAGE","Value":"ENGLISH"}],"Domain":["GEOGRAPHY"],"Id":"GENERATED_PALESTINE","PrimaryClassification":null,"Rules":[],"Text":"Palestine","UpperCaseText":"PALESTINE"},{"Classifications":[],"Context":[{"Key":"\"COUNTRY,LOCATION\"","Value":""},{"Key":"PRIMARY_SOURCE","Value":"UCP_ENGINE_NER_MAP_STATIC_COUNTRY_MAP"},{"Key":"LANGUAGE","Value":"ENGLISH"}],"Domain":["GEOGRAPHY"],"Id":"GENERATED_STATE","PrimaryClassification":null,"Rules":[],"Text":"State","UpperCaseText":"STATE"},{"Classifications":[],"Context":[{"Key":"\"COUNTRY,LOCATION\"","Value":""},{"Key":"PRIMARY_SOURCE","Value":"UCP_ENGINE_NER_MAP_STATIC_COUNTRY_MAP"},{"Key":"LANGUAGE","Value":"ENGLISH"}],"Domain":["GEOGRAPHY"],"Id":"GENERATED_OF","PrimaryClassification":null,"Rules":[],"Text":"of","UpperCaseText":"OF"}],"Context":[{"Key":"\"COUNTRY,LOCATION\"","Value":""},{"Key":"PRIMARY_SOURCE","Value":"UCP_ENGINE_NER_MAP_STATIC_COUNTRY_MAP"},{"Key":"LANGUAGE","Value":"ENGLISH"}],"Domain":["GEOGRAPHY"],"HasTags":["CONTINENT_AMERICAS"],"Id":"NER_MAPS_STATIC_GRAMMAR_BLOCK_COUNTRY_PSE","IsTags":["GEOGRAPHY_COUNTRY"],"Rules":null,"Synonyms":["PALESTINE","STATE OF PALESTINE"],"Text":"\"Palestine, State of\"","TextMode":""}