{
  "ContainedWords": [
    {
      "Classifications": [ "LOCATION" ],
      "Context": [
        {
          "Key": "PRIMARY_SOURCE",
          "Value": "UCP_ENGINE_NER_MAP_STATIC_COUNTRY_MAP"
        },
        {
          "Key": "PLURAL",
          "Value": "CONTINENTS"
        },
        {
          "Key": "LANGUAGE",
          "Value": "ENGLISH"
        }
      ],
      "Domain": [ "GEOGRAPHY" ],
      "Id": "GEOGRAPHY_CONTINENT",
      "PrimaryClassification": "noun",
      "Rules": [],
      "Text": "continent",
      "UpperCaseText": "CONTINENT"
    }
  ],
  "Context": [
    {
      "Key": "PRIMARY_SOURCE",
      "Value": "UCP_ENGINE_NER_MAP_STATIC_COUNTRY_MAP"
    },
    {
      "Key": "CLASSIFICATION",
      "Value": "LOCATION"
    },
    {
      "Key": "PLURAL",
      "Value": "CONTINENTS"
    },
    {
      "Key": "LANGUAGE",
      "Value": "ENGLISH"
    }
  ],
  "Domain": [ "GEOGRAPHY" ],
  "HasTags": [ "ASTRONOMY_PLANET" ],
  "Id": "GEOGRAPHY_CONTINENT",
  "IsTags": [],
  "Rules": [],
  "Synonyms": [],
  "Text": "continent",
  "TextMode": ""
}
