{
  "ContainedWords": [
    {
      "Classifications": [ "LOCATION" ],
      "Context": [
        {
          "Key": "PRIMARY_SOURCE",
          "Value": "UCP_ENGINE_NER_MAP_STATIC_COUNTRY_MAP"
        },
        {
          "Key": "PLURAL",
          "Value": "COUNTRIES"
        },
        {
          "Key": "LANGUAGE",
          "Value": "ENGLISH"
        }
      ],
      "Domain": [ "GEOGRAPHY" ],
      "Id": "GEOGRAPHY_COUNTRY",
      "PrimaryClassification": "noun",
      "Rules": [],
      "Text": "country",
      "UpperCaseText": "COUNTRY"
    }
  ],
  "Context": [
    {
      "Key": "PRIMARY_SOURCE",
      "Value": "UCP_ENGINE_NER_MAP_STATIC_COUNTRY_MAP"
    },
    {
      "Key": "CLASSIFICATION",
      "Value": "LOCATION,PLACE"
    },
    {
      "Key": "PLURAL",
      "Value": "COUNTRIES"
    },
    {
      "Key": "LANGUAGE",
      "Value": "ENGLISH"
    }
  ],
  "Domain": [ "GEOGRAPHY" ],
  "HasTags": [ "GEOGRAPHY_CONTINENT" ],
  "Id": "GEOGRAPHY_COUNTRY",
  "IsTags": [],
  "Rules": [],
  "Synonyms": [ "" ],
  "Text": "country",
  "TextMode": ""
}
