{
  "ContainedWords": [
    {
      "Classifications": [ "LOCATION" ],
      "Context": [
        {
          "Key": "PRIMARY_SOURCE",
          "Value": "UCP_ENGINE_NER_MAP_STATIC_COUNTRY_MAP"
        },
        {
          "Key": "PLURAL",
          "Value": "PROVINCES"
        },
        {
          "Key": "LANGUAGE",
          "Value": "ENGLISH"
        }
      ],
      "Domain": [ "GEOGRAPHY" ],
      "Id": "GEOGRAPHY_PROVINCE",
      "PrimaryClassification": "noun",
      "Rules": [],
      "Text": "province",
      "UpperCaseText": "PROVINCE"
    },
    {
      "Classifications": [ "LOCATION" ],
      "Context": [
        {
          "Key": "PRIMARY_SOURCE",
          "Value": "UCP_ENGINE_NER_MAP_STATIC_COUNTRY_MAP"
        },
        {
          "Key": "PLURAL",
          "Value": "STATES"
        },
        {
          "Key": "LANGUAGE",
          "Value": "ENGLISH"
        }
      ],
      "Domain": [ "GEOGRAPHY" ],
      "Id": "GEOGRAPHY_STATE",
      "PrimaryClassification": "noun",
      "Rules": [],
      "Text": "state",
      "UpperCaseText": "STATE"
    }
  ],
  "Context": [
    {
      "Key": "PRIMARY_SOURCE",
      "Value": "UCP_ENGINE_NER_MAP_STATIC_COUNTRY_MAP"
    },
    {
      "Key": "CLASSIFICATION",
      "Value": "LOCATION"
    },
    {
      "Key": "PLURAL",
      "Value": "PROVINCES OR STATES"
    },
    {
      "Key": "LANGUAGE",
      "Value": "ENGLISH"
    }
  ],
  "Domain": [ "GEOGRAPHY" ],
  "HasTags": [ "GEOGRAPHY_COUNTRY" ],
  "Id": "GEOGRAPHY_PROV_STATE",
  "IsTags": [],
  "Rules": [],
  "Synonyms": [ "STATE", "PROVINCE", "PART OF THE COUNTRY" ],
  "Text": "province or state",
  "TextMode": ""
}
