{
  "ContainedWords": [
    {
      "Classifications": [ "LOCATION" ],
      "Context": [
        {
          "Key": "PRIMARY_SOURCE",
          "Value": "WEBSTERS_DICTIONARY_ENTRY_COUNTY"
        },
        {
          "Key": "PLURAL",
          "Value": "COUNTIES"
        },
        {
          "Key": "LANGUAGE",
          "Value": "ENGLISH"
        },
        {
          "Key": "WEBSTERS_DEFINITION_LINE_1",
          "Value": "An earldom; the domain of a count or earl. [Obs.]"
        },
        {
          "Key": "HOW",
          "Value": "SINGLE_WORD_PART_NOT_FOUND_YET"
        }
      ],
      "Domain": [ "GEOGRAPHY" ],
      "Id": "GEOGRAPHY_COUNTY",
      "PrimaryClassification": "noun",
      "Rules": [],
      "Text": "COUNTY",
      "UpperCaseText": "COUNTY"
    }
  ],
  "Context": [
    {
      "Key": "PRIMARY_SOURCE",
      "Value": "WEBSTERS_DICTIONARY_ENTRY_COUNTY"
    },
    {
      "Key": "NESTED_DICTIONARIES",
      "Value": "GEOGRAPHY|_ROOTS"
    },
    {
      "Key": "CLASSIFICATION",
      "Value": "LOCATION,PLACE"
    },
    {
      "Key": "PLURAL",
      "Value": "COUNTIES"
    },
    {
      "Key": "LANGUAGE",
      "Value": "ENGLISH"
    },
    {
      "Key": "WEBSTERS_DEFINITION_LINE_1",
      "Value": "An earldom; the domain of a count or earl. [Obs.]"
    },
    {
      "Key": "HOW",
      "Value": "SINGLE_WORD_PART_NOT_FOUND_YET"
    }
  ],
  "Domain": [ "GEOGRAPHY" ],
  "HasTags": [ "GEOGRAPHY_PROV_STATE" ],
  "Id": "GEOGRAPHY_COUNTY",
  "IsTags": [],
  "Rules": [],
  "Synonyms": [],
  "Text": "COUNTY",
  "TextMode": "EXACT"
}
