{"ContainedWords":[],"Context":[{"Key":"LANGUAGE_PREFERENCE","Value":"LANGUAGE_CSHARP"},{"Key":"EXPERIENCE_LEVEL","Value":"JUNIOR"},{"Key":"PRONOUN","Value":"HE"},{"Key":"COUSIN","Value":"DEE_DEE_C_SHARP"},{"Key":"SIMPLE_BIO","Value":"Let me introduce Junior Mint SHARP. He is a very intelligent person.|He loves Technology.|He is a CSHARP_DEVELOPER. |Hemostly loves working with the C# language.|He is learning lots from cousin "}],"Domain":["TECHNOLOGY"],"HasTags":[],"Id":"JUNIOR_MINT_SHARP","IsTags":["CSHARP_DEVELOPER","DEVELOPER"],"Rules":[],"Synonyms":[],"Text":"Junior Mint SHARP","TextMode":""}