{
  "ContainedWords": [
    {
      "Classifications": [ "PEOPLE" ],
      "Context": [
        {
          "Key": "PRIMARY_SOURCE",
          "Value": "LINKED_IN"
        },
        {
          "Key": "PLURAL",
          "Value": "CONTACTS"
        },
        {
          "Key": "LANGUAGE",
          "Value": "ENGLISH"
        }
      ],
      "Domain": [ "CRM" ],
      "Id": "CRM_CONTACT",
      "PrimaryClassification": "noun",
      "Rules": [],
      "Text": "contact",
      "UpperCaseText": "CONTACT"
    }
  ],
  "Context": [
    {
      "Key": "PRIMARY_SOURCE",
      "Value": "LINKED_IN"
    },
    {
      "Key": "PLURAL",
      "Value": "CONTACTS"
    },
    {
      "Key": "LANGUAGE",
      "Value": "ENGLISH"
    }
  ],
  "Domain": [ "CRM" ],
  "HasTags": [],
  "Id": "CRM_CONTACT",
  "IsTags": [],
  "Rules": [],
  "Synonyms": [],
  "Text": "contact",
  "TextMode": ""
}
