{
  "ContainedWords": [
    {
      "Classifications": [ "BUSINESS", "CORPORATION" ],
      "Context": [
        {
          "Key": "PRIMARY_SOURCE",
          "Value": "LINKED_IN"
        },
        {
          "Key": "PLURAL",
          "Value": "COMPANIES"
        },
        {
          "Key": "LANGUAGE",
          "Value": "ENGLISH"
        }
      ],
      "Domain": [ "CRM" ],
      "Id": "CRM_COMPANY",
      "PrimaryClassification": "noun",
      "Rules": [],
      "Text": "company",
      "UpperCaseText": "COMPANY"
    }
  ],
  "Context": [
    {
      "Key": "PRIMARY_SOURCE",
      "Value": "LINKED_IN"
    },
    {
      "Key": "PLURAL",
      "Value": "COMPANIES"
    },
    {
      "Key": "LANGUAGE",
      "Value": "ENGLISH"
    }
  ],
  "Domain": [ "CRM" ],
  "HasTags": [],
  "Id": "CRM_COMPANY",
  "IsTags": [],
  "Rules": [],
  "Synonyms": [],
  "Text": "company",
  "TextMode": ""
}
