{"ContainedWords":[],"Context":[{"Key":"LANGUAGE_PREFERENCE","Value":"LANGUAGE_JAVA"},{"Key":"EXPERIENCE_LEVEL","Value":"JUNIOR"},{"Key":"PRONOUN","Value":"HE"},{"Key":"COUSIN","Value":"DEE_DEE_CAPPUCCINO"},{"Key":"SIMPLE_BIO","Value":"Let me introduce Junior Mint Cappuccino. He is a very intelligent person.|He loves Technology.|He is a Java Developer. He is a very intelligent person.|He mostly loves working with the Java language.|He is learning lots from cousin Dee Dee Cappuccino"}],"Domain":["TECHNOLOGY"],"HasTags":[],"Id":"JUNIOR_MINT_CAPPUCCINO","IsTags":["CAREER_JAVA_DEVELOPER","CAREER_SOFTWARE_DEVELOPER"],"Rules":[],"Synonyms":["Peppermint Mocha"],"Text":"Junior Mint Cappuccino","TextMode":""}