CONTINENT,GLOBAL_REGION,COUNTRY_NAME,COUNTRY_CODE_2,COUNTRY_CODE_3,COUNTRY_CODE_NUMERIC,REGION_NAME,REGION_ID,PROV_STATE_NAME,PROV_STATE_CODE_2,PROV_STATE_CODE_NUMBERIC,,,COUNTRY_SYNONYMS,PROV_STATE_SYNONYMS
Asia,South Asia,Afghanistan,AF,AFG,4,,,,,,,,,
Europe,,Aland Islands,AX,ALA,248,,,,,,,,,
Europe,South East Europe,Albania,AL,ALB,8,,,,,,,,,
Africa,Northern Africa,Algeria,DZ,DZA,12,,,,,,,,,
Oceania,Pacific,American Samoa,AS,ASM,16,,,,,,,,,
Europe,South West Europe,Andorra,AD,AND,20,,,,,,,,,
Africa,Southern Africa,Angola,AO,AGO,24,,,,,,,,,
Americas,West Indies,Anguilla,AI,AIA,660,,,,,,,,,
Antarctica,,Antarctica,AQ,ATA,10,,,,,,,,,
Americas,West Indies,Antigua and Barbuda,AG,ATG,28,,,,,,,,"'ANTIGUA', 'BARBUDA'",
Americas,South America,Argentina,AR,ARG,32,,,,,,,,,
Asia,South West Asia,Armenia,AM,ARM,51,,,,,,,,,
Americas,West Indies,Aruba,AW,ABW,533,,,,,,,,,
Oceania,Pacific,Australia,AU,AUS,36,,,,,,,,,
Europe,Central Europe,Austria,AT,AUT,40,,,,,,,,,
Asia,South West Asia,Azerbaijan,AZ,AZE,31,,,,,,,,,
Americas,West Indies,"Bahamas, The",BS,BHS,44,,,,,,,,"'THE BAHAMAS','BAHAMAS'",
Asia,South West Asia,Bahrain,BH,BHR,48,,,,,,,,,
Asia,South Asia,Bangladesh,BD,BGD,50,,,,,,,,,
Americas,West Indies,Barbados,BB,BRB,52,,,,,,,,,
Europe,Eastern Europe,Belarus,BY,BLR,112,,,,,,,,,
Europe,Western Europe,Belgium,BE,BEL,56,,,,,,,,,
Americas,Central America,Belize,BZ,BLZ,84,,,,,,,,,
Africa,Western Africa,Benin,BJ,BEN,204,,,,,,,,,
Americas,West Indies,Bermuda,BM,BMU,60,,,,,,,,,
Asia,South Asia,Bhutan,BT,BTN,64,,,,,,,,,
Americas,South America,Bolivia (Plurinational State of),BO,BOL,68,,,,,,,,BOLIVIA,
Americas,South America,"Bonaire, Sint Eustatius and Saba",BQ,BES,535,,,,,,,,"'BONAIRE', 'SINT EUSTATIUS', 'SABA'",
Europe,South East Europe,Bosnia and Herzegovina,BA,BIH,70,,,,,,,,"BOSNIA,HERZEGOVINA",
Africa,Southern Africa,Botswana,BW,BWA,72,,,,,,,,,
,,Bouvet Island,BV,BVT,74,,,,,,,,,
Americas,South America,Brazil,BR,BRA,76,,,,,,,,,
,,British Indian Ocean Territory (the),IO,IOT,86,,,,,,,,"'THE BRITISH INDIAN OCEAN TERRITORY','BRITISH INDIAN OCEAN TERRITORY'",
Americas,West Indies,British Virgin Islands,VG,VGB,92,,,,,,,,,
Asia,South East Asia,Brunei,BN,BRN,96,,,,,,,,,
Europe,South East Europe,Bulgaria,BG,BGR,100,,,,,,,,,
Africa,Western Africa,Burkina Faso,BF,BFA,854,,,,,,,,,
Africa,Central Africa,Burundi,BI,BDI,108,,,,,,,,,
Africa,Western Africa,Cabo Verde,CV,CPV,132,,,,,,,,CAPO VERDE,
Asia,South East Asia,Cambodia,KH,KHM,116,,,,,,,,,
Africa,Western Africa,Cameroon,CM,CMR,120,,,,,,,,,
Americas,North America,Canada,CA,CAN,124,,,,,,,,,
Americas,North America,Canada,CA,CAN,124,Atlantic,,Newfoundland and Labrador,NL,10,,,,NFLD
Americas,North America,Canada,CA,CAN,124,Atlantic,,Prince Edward Island,PE,11,,,,PEI
Americas,North America,Canada,CA,CAN,124,Atlantic,,Nova Scotia,NS,12,,,,
Americas,North America,Canada,CA,CAN,124,Atlantic,,New Brunswick,NB,13,,,,
Americas,North America,Canada,CA,CAN,124,Quebec,,Quebec,QC,24,,,,
Americas,North America,Canada,CA,CAN,124,Ontario,,Ontario,ON,35,,,,
Americas,North America,Canada,CA,CAN,124,Prairies,,Manitoba,MB,46,,,,
Americas,North America,Canada,CA,CAN,124,Prairies,,Saskatchewan,SK,47,,,,SASK
Americas,North America,Canada,CA,CAN,124,Prairies,,Alberta,AB,48,,,,
Americas,North America,Canada,CA,CAN,124,British Columbia,,British Columbia,BC,59,,,,
Americas,North America,Canada,CA,CAN,124,Territories,,Yukon,YT,60,,,,
Americas,North America,Canada,CA,CAN,124,Territories,,Northwest Territories,NT,61,,,,NWT
Americas,North America,Canada,CA,CAN,124,Territories,,Nunavut,NU,62,,,,
Americas,West Indies,Cayman Islands,KY,CYM,136,,,,,,,,,
Africa,Central Africa,Central African Republic,CF,CAF,140,,,,,,,,,
Africa,Central Africa,Chad,TD,TCD,148,,,,,,,,,
Americas,South America,Chile,CL,CHL,152,,,,,,,,,
Asia,East Asia,China,CN,CHN,156,,,,,,,,,
Asia,South East Asia,Christmas Island,CX,CXR,162,,,,,,,,,
Asia,South East Asia,Cocos (Keeling) Islands,CC,CCK,166,,,,,,,,"'COCOS ISLANDS', 'KEELING, KEELING ISLANDS'",
Americas,South America,Colombia,CO,COL,170,,,,,,,,,
Africa,Indian Ocean,Comoros,KM,COM,174,,,,,,,,,
Africa,Central Africa,"Congo, Republic of the",CD,COD,180,,,,,,,,'REPUBLIC OF THE CONGO',
Africa,Central Africa,Congo (the),CG,COG,178,,,,,,,,"'THE CONGO', 'CONGO'",
Oceania,Pacific,Cook Islands,CK,COK,184,,,,,,,,,
Americas,Central America,Costa Rica,CR,CRI,188,,,,,,,,,
Africa,Western Africa,C te d'Ivoire,CI,CIV,384,,,,,,,,,
Europe,South East Europe,Croatia,HR,HRV,191,,,,,,,,,
Americas,West Indies,Cuba,CU,CUB,192,,,,,,,,,
Americas,South America,Cura ao,CW,CUW,531,,,,,,,,,
Asia,South West Asia,Cyprus,CY,CYP,196,,,,,,,,,
Europe,Central Europe,Czechia,CZ,CZE,203,,,,,,,,,
Europe,Northern Europe,Denmark,DK,DNK,208,,,,,,,,,
Africa,Eastern Africa,Djibouti,DJ,DJI,262,,,,,,,,,
Americas,West Indies,Dominica,DM,DMA,212,,,,,,,,,
Americas,West Indies,Dominican Republic,DO,DOM,214,,,,,,,,,
Americas,South America,Ecuador,EC,ECU,218,,,,,,,,,
Africa,Northern Africa,Egypt,EG,EGY,818,,,,,,,,,
Americas,Central America,El Salvador,SV,SLV,222,,,,,,,,,
Africa,Western Africa,Equatorial Guinea,GQ,GNQ,226,,,,,,,,,
Africa,Eastern Africa,Eritrea,ER,ERI,232,,,,,,,,,
Europe,Eastern Europe,Estonia,EE,EST,233,,,,,,,,,
Africa,South Africa,Eswatini,SZ,SWZ,748,,,,,,,,,
Africa,Eastern Africa,Ethiopia,ET,ETH,231,,,,,,,,,
Americas,South America,Falkland Islands (the) [Malvinas],FK,FLK,238,,,,,,,,FALKLAND ISLADS,
Europe,Northern Europe,Faroe Islands (the),FO,FRO,234,,,,,,,,"'FAROE ISLANDS', 'THE FAROE ISLANDS'",
Oceania,Pacific,Fiji,FJ,FJI,242,,,,,,,,,
Europe,Northern Europe,Finland,FI,FIN,246,,,,,,,,,
Europe,Western Europe,France,FR,FRA,250,,,,,,,,,
Americas,South America,French Guiana,GF,GUF,254,,,,,,,,,
Oceania,Pacific,French Polynesia,PF,PYF,258,,,,,,,,,
Antarctica,,French Southern Territories (the),TF,ATF,260,,,,,,,,"'THE FRENCH SOUTHERN TERRITORIES', 'FRENCH SOUTHERN TERRITORIES'",
Africa,Western Africa,Gabon,GA,GAB,266,,,,,,,,,
Africa,Western Africa,Gambia (the),GM,GMB,270,,,,,,,,"'GAMBIA', 'THE GAMBIA'",
Asia,South West Asia,Georgia,GE,GEO,268,,,,,,,,,
Europe,Western Europe,Germany,DE,DEU,276,,,,,,,,,
Africa,Western Africa,Ghana,GH,GHA,288,,,,,,,,,
Europe,South West Europe,Gibraltar,GI,GIB,292,,,,,,,,,
Europe,South East Europe,Greece,GR,GRC,300,,,,,,,,,
Americas,North America,Greenland,GL,GRL,304,,,,,,,,,
Americas,West Indies,Grenada,GD,GRD,308,,,,,,,,,
Americas,West Indies,Guadeloupe,GP,GLP,312,,,,,,,,,
Oceania,Pacific,Guam,GU,GUM,316,,,,,,,,,
Americas,Central America,Guatemala,GT,GTM,320,,,,,,,,,
Europe,Western Europe,Guernsey,GG,GGY,831,,,,,,,,,
Africa,Western Africa,Guinea,GN,GIN,324,,,,,,,,,
Africa,Western Africa,Guinea-Bissau,GW,GNB,624,,,,,,,,,
Americas,South America,Guyana,GY,GUY,328,,,,,,,,,
Americas,West Indies,Haiti,HT,HTI,332,,,,,,,,,
Europe,,Heard Island and McDonald Islands,HM,HMD,334,,,,,,,,,
Americas,Southern Europe,Holy See (Vatican City),VA,VAT,336,,,,,,,,"'HOLY SEE', 'VATICAN CITY'",
Europe,Central America,Honduras,HN,HND,340,,,,,,,,,
Asia,,Hong Kong,HK,HKG,344,,,,,,,,,
Europe,Central Europe,Hungary,HU,HUN,348,,,,,,,,,
Asia,Northern Europe,Iceland,IS,ISL,352,,,,,,,,,
Asia,South Asia,India,IN,IND,356,,,,,,,,,
Asia,South East Asia,Indonesia,ID,IDN,360,,,,,,,,,
Asia,South West Asia,Iran (Islamic Republic of),IR,IRN,364,,,,,,,,"'IRAN', 'ISLAMIC REPUBLIC OF IRAN'",
Europe,South West Asia,Iraq,IQ,IRQ,368,,,,,,,,,
Asia,Western Europe,Ireland,IE,IRL,372,,,,,,,,,
Oceania,Western Europe,Isle of Man,IM,IMN,833,,,,,,,,,
Europe,South West Asia,Israel,IL,ISR,376,,,,,,,,,
Americas,Southern Europe,Italy,IT,ITA,380,,,,,,,,THE BOOT,
Europe,West Indies,Jamaica,JM,JAM,388,,,,,,,,,
Europe,East Asia,Japan,JP,JPN,392,,,,,,,,,
Asia,Western Europe,Jersey,JE,JEY,832,,,,,,,,,
Asia,South West Asia,Jordan,JO,JOR,400,,,,,,,,,
Africa,Central Asia,Kazakhstan,KZ,KAZ,398,,,,,,,,,
Oceania,Eastern Africa,Kenya,KE,KEN,404,,,,,,,,,
Asia,Pacific,Kiribati,KI,KIR,296,,,,,,,,,
Asia,East Asia,Korea (the Democratic People's Republic of),KP,PRK,408,,,,,,,,KOREA,
Asia,East Asia,Korea (the Republic of),KR,KOR,410,,,,,,,,KOREA,
Asia,South West Asia,Kuwait,KW,KWT,414,,,,,,,,,
Asia,Central Asia,Kyrgyzstan,KG,KGZ,417,,,,,,,,,
Europe,South East Asia,Lao People's Democratic Republic (the),LA,LAO,418,,,,,,,,LAO,
Asia,Eastern Europe,Latvia,LV,LVA,428,,,,,,,,,
Africa,South West Asia,Lebanon,LB,LBN,422,,,,,,,,,
Africa,Southern Africa,Lesotho,LS,LSO,426,,,,,,,,,
Africa,Western Africa,Liberia,LR,LBR,430,,,,,,,,,
Europe,Northern Africa,Libya,LY,LBY,434,,,,,,,,,
Europe,Central Europe,Liechtenstein,LI,LIE,438,,,,,,,,,
Europe,Eastern Europe,Lithuania,LT,LTU,440,,,,,,,,,
Europe,Western Europe,Luxembourg,LU,LUX,442,,,,,,,,,
Africa,South East Europe,Macedonia,MK,MKD,807,,,,,,,,,
Asia,,Macao,MO,MAC,446,,,,,,,,,
Africa,Indian Ocean,Madagascar,MG,MDG,450,,,,,,,,,
Asia,Southern Africa,Malawi,MW,MWI,454,,,,,,,,,
Asia,South East Asia,Malaysia,MY,MYS,458,,,,,,,,,
Africa,South Asia,Maldives,MV,MDV,462,,,,,,,,,
Europe,Western Africa,Mali,ML,MLI,466,,,,,,,,,
Europe,Southern Europe,Malta,MT,MLT,470,,,,,,,,,
Americas,Pacific,Marshall Islands (the),MH,MHL,584,,,,,,,,"'MARSHALL ISLANDS', 'THE MARSHALL ISLANDS'",
Africa,West Indies,Martinique,MQ,MTQ,474,,,,,,,,,
Africa,Western Africa,Mauritania,MR,MRT,478,,,,,,,,,
Africa,Indian Ocean,Mauritius,MU,MUS,480,,,,,,,,,
Americas,Indian Ocean,Mayotte,YT,MYT,175,,,,,,,,,
Oceania,Central America,Mexico,MX,MEX,484,,,,,,,,,
Europe,Pacific,Micronesia (Federated States of),FM,FSM,583,,,,,,,,"'MICRONESIA', 'FEDERATED STATES OF MICRONESIA'",
Europe,Eastern Europe,Moldova (the Republic of),MD,MDA,498,,,,,,,,"'MOLDOVA', 'THE REPUBLIC OF MOLDOVA'",
Asia,Western Europe,Monaco,MC,MCO,492,,,,,,,,,
Americas,Northern Asia,Mongolia,MN,MNG,496,,,,,,,,,
Europe,Southern Europe,Montenegro,ME,MNE,499,,,,,,,,,
Africa,West Indies,Montserrat,MS,MSR,500,,,,,,,,,
Africa,Northern Africa,Morocco,MA,MAR,504,,,,,,,,,
Asia,Southern Africa,Mozambique,MZ,MOZ,508,,,,,,,,,
Africa,South East Asia,Myanmar,MM,MMR,104,,,,,,,,,
Oceania,Southern Africa,Namibia,NA,NAM,516,,,,,,,,,
Asia,Pacific,Nauru,NR,NRU,520,,,,,,,,,
Europe,South Asia,Nepal,NP,NPL,524,,,,,,,,,
Americas,Western Europe,Netherlands (the),NL,NLD,528,,,,,,,,"'NETHERLANDS', 'THE NETHERLANDS'",
Oceania,West Indies,Netherlands Antilles,AN,ANT,530,,,,,,,,,
Oceania,Pacific,New Caledonia,NC,NCL,540,,,,,,,,,
Americas,Pacific,New Zealand,NZ,NZL,554,,,,,,,,,
Africa,Central America,Nicaragua,NI,NIC,558,,,,,,,,,
Africa,Western Africa,Niger (the),NE,NER,562,,,,,,,,"'NIGAR','THE NIGAR'",
Oceania,Western Africa,Nigeria,NG,NGA,566,,,,,,,,,
Oceania,Pacific,Niue,NU,NIU,570,,,,,,,,,
Oceania,Pacific,Norfolk Island,NF,NFK,574,,,,,,,,,
Europe,Pacific,Northern Mariana Islands (the),MP,MNP,580,,,,,,,,"'NORTHERN MARIANA ISLANDS', 'THE NORTHERN MARIANA ISLANDS'",
Asia,Northern Europe,Norway,NO,NOR,578,,,,,,,,,
Asia,South West Asia,Oman,OM,OMN,512,,,,,,,,,
Oceania,South Asia,Pakistan,PK,PAK,586,,,,,,,,,
Asia,Pacific,Palau,PW,PLW,585,,,,,,,,,
Americas,South West Asia,"Palestine, State of",PS,PSE,275,,,,,,,,"'PALESTINE', 'STATE OF PALESTINE'",
Oceania,Central America,Panama,PA,PAN,591,,,,,,,,,
Americas,Pacific,Papua New Guinea,PG,PNG,598,,,,,,,,,
Americas,South America,Paraguay,PY,PRY,600,,,,,,,,,
Asia,South America,Peru,PE,PER,604,,,,,,,,,
Oceania,South East Asia,Philippines (the),PH,PHL,608,,,,,,,,"'PHILLIPPINES', 'THE PHILLIPPINES'",
Europe,Pacific,Pitcairn,PN,PCN,612,,,,,,,,,
Europe,Eastern Europe,Poland,PL,POL,616,,,,,,,,,
Americas,South West Europe,Portugal,PT,PRT,620,,,,,,,,,
Asia,West Indies,Puerto Rico,PR,PRI,630,,,,,,,,,
Africa,South West Asia,Qatar,QA,QAT,634,,,,,,,,,
Europe,Indian Ocean,R union,RE,REU,638,,,,,,,,,
Asia,South East Europe,Romania,RO,ROU,642,,,,,,,,,
Africa,Northern Asia,Russian Federation (the),RU,RUS,643,,,,,,,,"'RUSSIAN FEDERATION', 'THE RUSSIAN FEDERATION'",
Americas,Central Africa,Rwanda,RW,RWA,646,,,,,,,,,
Americas,North America,Saint Barth lemy,BL,BLM,652,,,,,,,,,
Africa,,"Saint Helena, Ascension and Tristan da Cunha",SH,SHN,654,,,,,,,,,
Americas,West Indies,Saint Kitts and Nevis,KN,KNA,659,,,,,,,,"'ST KITTS AND NEVIS', 'ST KITTS', 'NEVIS'",
Americas,West Indies,Saint Lucia,LC,LCA,662,,,,,,,,,
Americas,North America,Saint Martin (French part),MF,MAF,663,,,,,,,,SAINT MARTIN,
Americas,North America,Saint Pierre and Miquelon,PM,SPM,666,,,,,,,,"'SAINT PIERRE AND MIQUELON', 'SAINT PIERRE', 'MIQUELON'",
Europe,West Indies,Saint Vincent and the Grenadines,VC,VCT,670,,,,,,,,"'SAINT VINCENT AND THE GRENADINES', 'SAINT VINCENT', 'THE GRENADINES', 'GRENADINES'",
Asia,Pacific,Samoa,WS,WSM,882,,,,,,,,,
Africa,Southern Europe,San Marino,SM,SMR,674,,,,,,,,,
Asia,Western Africa,Sao Tome and Principe,ST,STP,678,,,,,,,,SAO TOME,
Africa,South West Asia,Saudi Arabia,SA,SAU,682,,,,,,,,,
Europe,Western Africa,Senegal,SN,SEN,686,,,,,,,,,
Africa,South East Europe,Serbia,RS,SRB,688,,,,,,,,,
Africa,Indian Ocean,Seychelles,SC,SYC,690,,,,,,,,,
Asia,Western Africa,Sierra Leone,SL,SLE,694,,,,,,,,,
Europe,South East Asia,Singapore,SG,SGP,702,,,,,,,,,
Americas,North America,Sint Maarten (Dutch part),SX,SXM,534,,,,,,,,SINT MAARTEN,
Europe,Central Europe,Slovakia,SK,SVK,703,,,,,,,,,
Oceania,South East Europe,Slovenia,SI,SVN,705,,,,,,,,,
Africa,Pacific,Solomon Islands,SB,SLB,90,,,,,,,,,
Africa,Eastern Africa,Somalia,SO,SOM,706,,,,,,,,,
Europe,Southern Africa,South Africa,ZA,ZAF,710,,,,,,,,,
,,South Georgia and the South Sandwich Islands,GS,SGS,239,,,,,,,,"'SOUTH GEORGIA','SOUTH SANDWICH ISLANDS'",
Americas,Northern Africa,South Sudan,SS,SSD,728,,,,,,,,,
Asia,South West Europe,Spain,ES,ESP,724,,,,,,,,,
Africa,South Asia,Sri Lanka,LK,LKA,144,,,,,,,,,
Americas,Northern Africa,Sudan (the),SD,SDN,729,,,,,,,,"SUDAN, THE SUDAN",
Europe,South America,Suriname,SR,SUR,740,,,,,,,,,
Africa,Northern Europe,Svalbard and Jan Mayen,SJ,SJM,744,,,,,,,,"'SVALBARD AN JAN MAYEN','SVALBARD', 'JAN MAYEN'",
Europe,Northern Europe,Sweden,SE,SWE,752,,,,,,,,,
Asia,Central Europe,Switzerland,CH,CHE,756,,,,,,,,,
Asia,South West Asia,Syrian Arab Republic,SY,SYR,760,,,,,,,,"'SYRIAN ARAB REPUBLIC', 'SYRIA'",
Asia,East Asia,Taiwan (Province of China),TW,TWN,158,,,,,,,,TAIWAN,
Africa,Central Asia,Tajikistan,TJ,TJK,762,,,,,,,,,
Asia,Eastern Africa,"Tanzania, United Republic of",TZ,TZA,834,,,,,,,,"'TANZANIA', 'UNITED REPUBLIC OF TANZANIA'",
Africa,South East Asia,Thailand,TH,THA,764,,,,,,,,,
Asia,,Timor-Leste,TL,TLS,626,,,,,,,,,
Oceania,Western Africa,Togo,TG,TGO,768,,,,,,,,,
Oceania,Pacific,Tokelau,TK,TKL,772,,,,,,,,,
Americas,Pacific,Tonga,TO,TON,776,,,,,,,,,
Africa,West Indies,Trinidad and Tobago,TT,TTO,780,,,,,,,,"'TRINIDAD AND TOBAGO', 'TRINIDAD', 'TOBAGO'",
Asia,Northern Africa,Tunisia,TN,TUN,788,,,,,,,,,
Asia,South West Asia,Turkey,TR,TUR,792,,,,,,,,,
Americas,Central Asia,Turkmenistan,TM,TKM,795,,,,,,,,,
Oceania,West Indies,Turks and Caicos Islands (the),TC,TCA,796,,,,,,,,TURKS AND CAICOS ISLANDS,
Africa,Pacific,Tuvalu,TV,TUV,798,,,,,,,,,
Europe,Eastern Africa,Uganda,UG,UGA,800,,,,,,,,,
Asia,Eastern Europe,Ukraine,UA,UKR,804,,,,,,,,,
Europe,South West Asia,United Arab Emirates (the),AE,ARE,784,,,,,,,,"'UNITED ARAB EMIRITES', 'THE UNITED ARAB EMIRITES'",
Americas,Western Europe,United Kingdom of Great Britain and Northern Ireland (the),GB,GBR,826,,,,,,,,"'UNITED KINGDOM', 'NORTHERN IRELAND'",
Americas,North America,United States Minor Outlying Islands (the),UM,UMI,581,,,,,,,,,
Americas,North America,United States of America (the),US,USA,840,,,,,,,,"'THE UNITED STATES OF AMERICA', 'UNITED STATES OF AMERICA', 'UNITED STATES', 'AMERICA', 'USA'",
Asia,South America,Uruguay,UY,URY,858,,,,,,,,,
Oceania,Central Asia,Uzbekistan,UZ,UZB,860,,,,,,,,,
Americas,Pacific,Vanuatu,VU,VUT,548,,,,,,,,,
Asia,South America,Venezuela (Bolivarian Republic of),VE,VEN,862,,,,,,,,VENEZUELA,
Americas,South East Asia,Viet Nam,VN,VNM,704,,,,,,,,,
Oceania,West Indies,Virgin Islands (U.S.),VI,VIR,850,,,,,,,,VIRGIN ISLANDS,
Africa,Pacific,Wallis and Futuna,WF,WLF,876,,,,,,,,"'WALLIS AND FUTUNA', 'WALLIS', 'FUTUNA'",
Oceania,Northern Africa,Western Sahara,EH,ESH,732,,,,,,,,,
Africa,South West Asia,Yemen,YE,YEM,887,,,,,,,,,
Africa,Southern Africa,Zambia,ZM,ZMB,894,,,,,,,,,
Africa,,Zimbabwe,ZW,ZWE,716,,,,,,,,,
