﻿CONTACT_ID,CONTACT_NAME,PREFIX,FIRST_NAME,MIDDLE_NAME,LAST_NAME,SUFFIX,BUSINESS_EMAIL,PERSONAL_EMAIL,Phone,Birthday,LINKEDIN,TWITTER,Blog
ABHISHEK_KUMAR,Abhishek Kumar,,Abhishek,,Kumar,,,,,26-Feb,https://www.linkedin.com/in/saytoabhishek/,,
2E62D5D2-770A-4F33-8CE1-594DCB609133,Adam Najmanowicz,,Adam,,Najmanowicz,,,,,,,,
5C42C646-6200-42DD-A294-4C1D4444BABE,Ahmet Okour,,Ahmed,,Okour,,,,,24-Apr,https://www.linkedin.com/in/ahmedokour/,aokour86,
8E442F42-0923-43E5-921F-5A29AAD24DDE,Akshay Sura,,Akshay,,Sura,,,,,,https://www.linkedin.com/in/akshaysura/,,
63B8D9AF-F640-46AA-ADD6-33A6CE9A085B,Aliaksandr Smahin,,Aliaksandr,,Smahin,,,,,,,,
FA5A97AF-C3B4-492E-B2F3-776FFE4A6DEF,Alison Sainsbury,,Alison,,Sainsbury,,,,,,https://www.linkedin.com/in/alisonsainsbury/,,
E5F1719C-B0AF-4DE1-B596-C96383BB72F1,Amanda Shiga,,Amanda,,Shiga,,,,,,https://www.linkedin.com/in/amandashiga/,AmandaShiga,
AMIT_SHARMA,Amit Sharma,,Amit,,Sharma,,,,,,https://www.linkedin.com/in/amitavin/,,
E0F11C18-176B-4FB6-9981-6F6C9435E7C6,Amitabh Vyas,,Amitabh,,Vyas,,,,,17-May,https://www.linkedin.com/in/amitabhvyas/,amitabh_tweets,
0443732C-B435-4783-9DF8-FD77E1585B3D,Amy Winburn,,Amy,,Winburn,,,,,,https://www.linkedin.com/in/amywinburn/,,
CCADFC60-34D6-46F7-8B6A-CBEBF7F73E11,Anastasiya Flynn,,Anastasiya,,Flynn,,,,,,https://www.linkedin.com/in/anastasiya-flynn/,,
A8F27982-C3BE-42BC-BCAB-23E9F0B23067,Andrew (Andy) Uzick,,Andy,,Uzick,,,,,,https://www.linkedin.com/in/andyuzick/,,
DFCB96C9-A0DA-4032-8A52-15C2695F2131,Andrew Lundy,,Andrew,,Lundy,,,,,,,,
ANNA_PANICHEVA,Anna Panicheva,,Anna,,Panicheva,,,,,,https://www.linkedin.com/in/annapanicheva/,,
ANTHOULA_PSALTAKIS_ELINIDIS,Anthoula (Psaltakis) Ellinidis,,Anthoula (Psaltakis),,Elinidis,,,,,,https://www.linkedin.com/in/anthoulaellinidis/,,
BARAA_MAHROKA,Baraa Mahroka,,Baraa,,Mahroka,,,,,11-Dec,https://www.linkedin.com/in/baraamahroka/,,
BO_BREITING,Bo Breiting,,Bo,,Breiting,,,,,,https://www.linkedin.com/in/bobreiting/,,
BRENT_PINKSTAFF,Brent Pinkstaff,,Brent,,Pinkstaff,,,,,,,,
CHARLES_KIESSLING,Charles Kiessling,,Charles,,Kiessling,,,,,1-Jul,https://www.linkedin.com/in/charleskiessling/,CKiessling,
CHRIS_WILLIAMS,Chris Williams,,Chris,,Williams,,chris.williams@readwatchcreate.com,,,,https://www.linkedin.com/in/chriswilliams,,
CHRITIAN_RESCHKE,Christian Reschke,,Chritian,,Reschke,,,,,,https://www.linkedin.com/in/christianreschke/,,
CHRISTINE_DRELLING,Christine Drelling,,Christine,,Drelling,,,,,,https://www.linkedin.com/in/christine-drelling-a49772/,ChristineDrell,
CORIE_ECKSTROM,Corie Eckstrom,,Corie,,Eckstrom,,,,,,https://www.linkedin.com/in/corie-eckstrom/,,
CRISTOFFER_CRUSSEL,Cristoffer Crussel,,Cristoffer,,Crussel,,,,,,,,
DARREN_GUARNACCIA,Darren Guarnaccia,,Darren,,Guarnaccia,,,,,,https://www.linkedin.com/in/dguaranccia/,dguarnaccia,
DAVID_MEAD,David Mead,,,,,,,,,,,mead_dave,
DAVID_PORTER,David Porter,,David,,Porter,,,,,,https://www.linkedin.com/in/david-porter-9332501/,portoine,
DEAN_THRASHER,Dean Thrasher,,Dean,,Thrasher,,,,,,https://www.linkedin.com/in/deanthrasher/,dthrasher,
DYLAN_YOUNG,Dylan Young,,Dylan,,Young,,,,,,https://www.linkedin.com/in/dylanyoung/,,
EDWARD_SONG,Edward Song,,Edward,,Song,,,,,,,tweet_esong,
EMELIE_VANDERKEILEN,Emelie Vanderkeilen,,Emelie,,Vanderkeilen,,,,,,,emelievdk,
ERIC_RAMSEUR,Eric Ramseur,,Eric,,Ramseur,,ramseur@anant.us,,,,https://www.linkedin.com/in/ericramseur/,RamseurANANT,
358491F2-32C4-447C-B521-318DF8E1E99B,Eric Stafford,,Eric,,Stafford,,,,,,https://www.linkedin.com/in/eric-stafford-a0615632/,sitecoreeric,
7A13D0CC-51F8-44E2-BFC9-FC818685CE7C,Erin Abbatangelo,,Erin,,Abbatangelo,,,e3abba@gmail.com,4164517471,,https://www.linkedin.com/in/erinabbatangelo/,e3abba,
ESTHER_BUNN,Esther Bunn,,Esther,,Bunn,,,,,,https://www.linkedin.com/in/estherbunn/,,
FRANCIS_COONEY,Francis Cooney,,Francis,,Cooney,,,,,,,FranNarkiewicz,
GEOFFRY_BROWN,Geoffry Brown,,Geoffry,,Brown,,,,,6-Feb,https://www.linkedin.com/in/geoffry-brown-70603810/,10andOut,
HEDIPO_MENEZES,Hedipo Menezes,,Hedipo,,Menezes,,,,,,,,
IAN_LOWE,Ian Lowe,,Ian,,Lowe,,,ian-linkedin@prodoramedia.com,,,https://www.linkedin.com/in/idlowe/,,
ISHRAQ_AL_FATAFTAH,Israq Al Fataftah,,Ishraq,,Al Fataftah,,,,,,https://www.linkedin.com/in/ishraq-al-fataftah-a35b8b15/,,
IVAN_OMORAK,Ivan Omorak,,Ivan,,Omorak,,,,,6-Jul,https://www.linkedin.com/in/ivan-omorac-98318b22/,ivanomorac,
JAKUB_WAJS,Jakub Wajs,,Jakub,,Wajs,,,,,,https://www.linkedin.com/in/jakub-wajs/,,
JAMES_EATON,James Eaton,,James,,Eaton,,,,,,https://www.linkedin.com/in/jamesdouglaseaton/,james_d_eaton,
JAMES_KEKIC,James Kekic,,James,,Kekic,,jkekic@oxcyon.com,,,,https://www.linkedin.com/in/james-kekic-7234b7122/,,
JASON_AUBIN,Jason Aubin,,Jason,,Aubin,,,,,1-Mar,https://www.linkedin.com/in/jasonaubin/,,
JASON_ST-CYR,Jason St-Cyr,,Jason,,St-Cyr,,jason.stcyr@sitecore.com,,+1 (613) 601-5297,,https://www.linkedin.com/in/jasonstcyr/,AgileStCyr,theagilecoder.wordpress.com/ (
JENNA_CARLSON,Jenna Carlson,,Jenna,,Carlson,,,,,,https://www.linkedin.com/in/jenna-carlson-036a22126/,,
JENNIFER_PFLAUMER,Jennifer Pflaumer,,Jennifer,,Pflaumer,,,,,,https://www.linkedin.com/in/jenniferpflaumer/,,
JOE_BISSOL,Joe Bissol,,Joe,,Bissol,,,,,11-Jul,https://www.linkedin.com/in/joebissol/,,
JONAS_BOLLOU,Jonas Bollou,,Jonas,,Bollou,,,,,,https://www.linkedin.com/in/jonasbollou/,,
JOSE_DOMINGUEZ,Jose Dominguez,,Jose,,Dominguez,,,,,,https://www.linkedin.com/in/josedbaez/,,
KEVIN_CAHILL,Kevin Cahill,,Kevin,,Cahill,,kc@digizuite.com,,,,https://www.linkedin.com/in/kevincahill1/,kevincahillri,
LAURA_FU,Laura Fu,,Laura,,Fu,,,,,,https://www.linkedin.com/in/lauramariefu/,lauramariefu ‏,
LISA_GRIMM,Lisa Grimm,,Lisa,,Grimm,,,,,,,,
LISA_HUNTER,Lisa Hunter,,Lisa,,Hunter,,,,,26-Jul,https://www.linkedin.com/in/lisahunter/,lmmhunter14,
LUKASZ_SKOWRONSKI,Lukasz Skowronski,,Lukasz,,Skowronski,,,,,25-Oct,https://www.linkedin.com/in/skowronskilukasz/,LukasSkowronski,
MADS_OLESEN,Mads Vendelin Olesen,,Mads,,Olesen,,,,,,https://www.linkedin.com/in/madsvendelinolesen/,,
MAKENZIE_BARKET,Makenzie (Miller) Barket,,Makenzie,,Barket,,,,,,https://www.linkedin.com/in/makenziebarket/,,
MARC_DEPELTEAU,Marc-Antoine Dépelteau,,Marc,,Dépelteau,,,,,,https://www.linkedin.com/in/marc-antoine-d%C3%A9pelteau-85ba838a/,,
MARK_SERVAIS,Mark Servais,,Mark,,Servais,,,mark@servaisfamily.com,,,https://www.linkedin.com/in/markservais/,,
MATEUSZ_PAZURA,Mateusz Pazura,,Mateusz,,Pazura,,,,,,https://www.linkedin.com/in/mateuszpazura/,,
MATT_KNOWLES,Matt Knowles,,Matt,,Knowles,,,,,,https://www.linkedin.com/in/matt-knowles-ab56b956/,,
MATT_TILBURY,Matt Tilbury,,Matt,,Tilbury,,,,,,https://www.linkedin.com/in/mtilbury/,mtilbury,
METTE_PHILLIPS,Mette Phillips,,Mette,,Phillips,,,,,6-Dec,https://www.linkedin.com/in/mettephillips/,mterkildsen,
MICHAEL_SNOW,Michael Snow,,Michael,,Snow,,,,,,https://www.linkedin.com/in/michaelasnow/,,
MIKE_SHAW,Mike Shaw,,Mike,,Shaw,,,,,,https://www.linkedin.com/in/mikeshaw00/,me_mikeshaw,
MINDY_CARNER,Mindy J Carner,,Mindy,J,Carner,,,,,,https://www.linkedin.com/in/mindyjcarner/,,
NAIM_ALKOUKI,"Naim Alkouki, MBA",,Naim,,Alkouki,,,,,,https://www.linkedin.com/in/alkouki/,NaeimAlkoky,
NEIL_MONAHAN,Neil Monahan,,Neil,,Monahan,,,,,,https://www.linkedin.com/in/neilmonahan/,neil_monahan ‏,
NICOLAJ_NSS,Nicolaj F0nss,,Nicolaj,,nss,,,,,,https://www.linkedin.com/in/nicolaj-f%C3%B8nss-8342367/,,
NIDHI_VYAS,Nidhi Vyas,,Nidhi,,Vyas,,,,,,https://www.linkedin.com/in/nidhi-vyas/,,
NIKHIL_KULKARNI,Nikhil Kulkarni,,Nikhil,,Kulkarni,,,,,,https://www.linkedin.com/in/nikhil-kulkarni-94b24256/,,
NIKOLA_GOTSEV,Nikola Gotsev,,Nikola,,Gotsev,,,,,,https://www.linkedin.com/in/nikola-gotsev-175baa38/,,
NILESH_THAKKAR,Nilesh Thakkar,,Nilesh,,Thakkar,,,,,,https://www.linkedin.com/in/nilesh-thakkar-5a303814/,,
PAUL_FURR,Paul Furr,,Paul,,Furr,,,,,,https://www.linkedin.com/in/paulfurr/,paulfurr,
PAUL_URBAN,Paul Urban,,Paul,,Urban,,paul_urban@epam.com,,,,,,
66e142f5-c8bf-4ffe-a70a-30bc6a27ff82,Peter Abbatangelo,,Peter,,Abbatangelo,,pabbatangelo1@yahoo.ca,,6472035440,,https://www.linkedin.com/in/peterabbatangelo/,,abbatangelogroup.blogspot.com/
RICH_CARROL,Rich Carrol,,Rich,,Carrol,,,,,,https://www.linkedin.com/in/carrollr/,,
ROBBERT_HOCK,Robbert Hock,,Robbert,,Hock,,,,,,https://www.linkedin.com/in/robberthock/,kayeeNL,
RODRIGO_PEPLAU,Rodrigo Peplau,,Rodrigo,,Peplau,,,,,,https://www.linkedin.com/in/rodrigopeplau/,RPeplau,
ROHIT_MAJUMDAR,Rohit Majumdar,,Rohit,,Majumdar,,,,,,https://www.linkedin.com/in/rohitm101/,rohitm101,
SAAD_ANSARI,Saad Ansari,,Saad,,Ansari,,,,,,https://www.linkedin.com/in/isaadansari/,,
SCOTT_FREEMAN,Scott Freeman,,Scott,,Freeman,,,,,,,fozapd,
SHATRUGHNA_KUMAR,Shatrughna Kumar,,Shatrughna,,Kumar,,,,,15-Jan,https://www.linkedin.com/in/shatrughnakumar/,,
SHRIKANT_DESHMUK,Shrikant Deshmuk,,Shrikant,,Deshmuk,,,,,,https://www.linkedin.com/in/shrikant-deshmukh-b7a24a12a/,,
SIMON_DAWSON,Simon Dawson,,Simon,,Dawson,,,,,,https://www.linkedin.com/in/simon-dawson-913a0111/,SitecoreNetwork,
SLOBODAN_STEFANOVI,Slobodan Stefanovi,,Slobodan,,Stefanovi,,,,,,https://www.linkedin.com/in/slobodan-stefanovi%C4%87-b16991131/,SlobodanWebDev,
SRIDHAR_MJ,Sridhar MJ,,Sridhar,,MJ,,,,,,https://www.linkedin.com/in/mjsridhar/,sridhar_mysore,
SRIKANTH_KONDAPALLY,Srikanth Kondapally,,Srikanth,,Kondapally,,,,,,https://www.linkedin.com/in/srikanthkondapally/,,
STAMATIOS_MANTZOURANIS,Stamatios Mantzouranis,,Stamatios,,Mantzouranis,,,,,,https://www.linkedin.com/in/smantzouranis/,,
SUMIT_SUMIT,Sumit,,Sumit,,Sumit,,,,,,,,
TIMOTHY_MARSH,Timothy Marsh,,Timothy,,Marsh,,,,,,,,
VARUN_NEHRA,Varun Nehra,,Varun,,Nehra,,,,,,https://www.linkedin.com/in/varun-nehra-mscs/,,
VICTORIA_MORRISON,Victoria Morrison,,Victoria,,Morrison,,,,,,https://www.linkedin.com/in/victoria-morrison-08a77911/,,
7014888C-4F41-4912-9A6E-2ED6F8C607F4,Vinicius Deschamps,,Vinicius,,Deschamps,,,,,,https://www.linkedin.com/in/viniciusdeschamps/,dschmpsv,
C9CA4502-37D8-4A60-A2C6-B6DC037E81BD,Zachary Kniebel,,Zachary,,Kniebel,,,,,,https://www.linkedin.com/in/zkniebel/,ZacharyKniebel,
