ENTITY_ID,ENTITY_NAME,PRIMARY_CONTENT_SOURCE
ARTICLE,Something written by an author,
AWARD, An award won by a contact, product or a company.
ADDRESS,A physical place where a company or contact is located.,
CONTACT,A Human you know,CRM_CONTACT_JSON
CONTACT_AUTHOR,A human who wrote something,
CONTACT_CUSTOMER,A human who buys from a company,
CONTACT_EMPLOYEE,A human who works for a company,
CONTACT_TOMBSTONE,The information about a contact that would go on their tombstone,
COMPANY_BUYER,A company that is buying stuff,
COMPANY_EMPLOYER,A company where people work,
CONTACT_KEY_DATE,These are dates important to a company,
COMPANY_VENDOR,A company that sells stuff,
COMPANY,A company,CRM_COMPANY_JSON
CONNECTION_METHOD,A way to connect with a company or person,
EDUCATION,A course or program taken,
FEED," A list of content of a given type eg. RSS Feed, ATOM Feed, etc",FE_FEED_JSON
INTERACTION,Communication between a company or contact and one or more companies or contacts,
INTERACTION_EMAIL,Communication between a company or contact and one or more companies or contacts via email,
INTERACTION_LINKEDIN_MESSAGE,Communication between a company or contact and one or more companies or contacts via a message on LinkedIn,
INTERACTION_TWITTER_MESSAGE,Communication between a company or contact and one or more companies or contacts via direct message on Twitter,
KEY_DATE,These are dates important to an entity,
PRODUCT, A thing a company sells,
FILE, This is a blob of binary stored on a drive,
BASE64,This is text that is BASE64 encoded,
