PARENT_ENTITY,RELATIONSHIP,CHILD_ENTITY
ARTICLE,HAS_MANY,KEYDATE
CONTACT,HAS_MANY,ADDRESS
CONTACT,HAS_MANY,CONNECTION_METHOD
CONTACT,WORK_FOR,COMPANY_EMPLOYER
CONTACT,BUYS_FROM,COMPANY_VENDOR
CONTACT,SELLS_TO,COMPANY_BUYER
CONTACT,LEARNS_FROM,COMPANY_EDUCATION
CONTACT,HAS_MANY,INTERACTION
CONTACT,HAS_MANY,INTERACTION_EMAIL
CONTACT,HAS_MANY,INTERACTION_LINKEDIN_MESSAGE
CONTACT,HAS_MANY,INTERACTION_TWITTER_MESSAGE
CONTACT,HAS_MANY,INTERACTION_TWITTER_TWEET
CONTACT,HAS_MANY,KEYDATE
CONTACT,HAS_A,CONTACT_TOMBSTONE
COMPANY_BUYER,IS_A,COMPANY
COMPANY_EMPLOYER,IS_A,COMPANY
COMPANY_VENDOR,IS_A,COMPANY
COMPANY,HAS_MANY,CONNECTION_METHOD
COMPANY,HAS_MANY,INTERACTION
COMPANY,HAS_MANY,KEYDATE
FEED,HAS_A,ADDRESS
INTERACTION_EMAIL,IS_A,INTERACTION
INTERACTION_LINKEDIN_MESSAGE,IS_A,INTERACTION
INTERACTION_TWITTER_TWEET,IS_A,INTERACTION
INTERACTION_TWITTER_MESSAGE,IS_A,INTERACTION
PRODUCT,HAS_MANY,KEYDATE
