FIELD_NAME,ENTITY_ID,FIELD_ID,ADDITIONAL_REQUIREMENT
COMPANY ID,COMPANY,COMPANY_ID,
COMPANY NAME,COMPANY,COMPANY_NAME,
CONTACT ID,CONTACT,CONTACT_ID,
PREFIX,CONTACT_TOMBSTONE,CONTACT_TOMBSTONE_PREFIX,
FULL NAME,CONTACT_TOMBSTONE,CONTACT_TOMBSTONE_CONTACT_NAME,
FIRST NAME,CONTACT_TOMBSTONE,CONTACT_TOMBSTONE_FIRST_NAME,
MIDDLE NAME,CONTACT_TOMBSTONE,CONTACT_TOMBSTONE_MIDDLE_NAME,
LAST NAME,CONTACT_TOMBSTONE,CONTACT_TOMBSTONE_LAST_NAME,
SUFFIX,CONTACT_TOMBSTONE,CONTACT_TOMBSTONE_SUFFIX,
LINKEDIN URL,CONNECTION_METHOD,CONNECTION_METHOD_LINKEDIN_URL,
EMAIL ADDRESS,CONNECTION_METHOD,CONNECTION_METHOD_EMAIL_ADDRESS,
PHONE NUMBER,CONNECTION_METHOD,CONNECTION_METHOD_PHONE_NUMBER,
ADDRESS ID,ADDRESS,ADDRESS_ID,
ADDRESS TYPE,ADDRESS,ADDRESS_TYPE,
STREET NUMBER,ADDRESS,ADDRESS_STREET_NUMBER,
STREET NAME,ADDRESS,ADDRESS_STREET_NAME,
STREET TYPE,ADDRESS,ADDRESS_STREET_TYPE,
CITY,ADDRESS,ADDRESS_CITY,
PROVINCE,ADDRESS,ADDRESS_PROV_STATE,
COUNTRY,ADDRESS,ADDRESS_COUNTRY,
POSTAL CODE,ADDRESS,ADDRESS_POST_CODE,
LOCATION,ADDRESS,ADDRESS_LOCATION,
BIRTHDAY,KEYDATE,EFFECTIVE_DATE,KEYDATE_INFO=BIRTHDATE
WEDDING DATE,KEYDATE,EFFECTIVE_DATE,KEYDATE_INFO=WEDDING_DATE
DIVORCE DATE,KEYDATE,EXPIRY_DATE,KEYDATE_INFO=WEDDING_DATE
DATE_FOUNDED,KEYDATE,EFFECTIVE_DATE,PARENT_ENTITY=COMPANY|KEYDATE_INFO=FOUNDED
POSITION,CONTACT_COMPANY_RELATIONSHIP,,
GENDER,CONTACT,,
FEED_DATA_DOMAIN_ID,FEED,,
FEED_FORMAT_TYPE,FEED,,
FEED_ID,FEED,,
FEED_META,FEED,,
FEED_NAME,FEED,,
FEED_SOURCE,FEED,,
FEED_SOURCE_TYPE,FEED,,
CONTACT_TAGCLOUD,CONTACT,,
COMPANY_TAGCLOUD,COMPANY,,
FEED_TAGCLOUD,FEED,,
CONTACT_ADDITIONALMETA,CONTACT,,
COMPANY_ADDITIONALMETA,COMPANY,,
FILENAME,FILE,,
BASE64,BASE64,,