FIELD_NAME,PROBABILITY_WEIGHT,DETECTION_REGEX,VALIDATION_REGEX,ACTUAL_FIELD_NAME,TEST_CONTENT,BROKEN,BROKEN2
BASE64,1,([A-Za-z0-9+/]{4})*([A-Za-z0-9+/]{4}|[A-Za-z0-9+/]{3}=|[A-Za-z0-9+/]{2}==),,BASE64,,,
LINKEDIN URL,1,"https://?((www|ww)\.)?linkedin.com(\w+:{0,1}\w*@)?(\S+)(:([0-9])+)?",,CONNECTION_METHOD_LINKEDIN_URL,"https://www.linkedin.com/in/saytoabhishek/",,
WINDOWS FILE NAME,1,"(([a-z]|[A-Z]):(?=\\(?![\0-\37<>:""/\\|?*])|\/(?![\0-\37<>:""/\\|?*])|$)|^\\(?=[\\\/][^\0-\37<>:""/\\|?*]+)|^(?=(\\|\/)$)|^\.(?=(\\|\/)$)|^\.\.(?=(\\|\/)$)|^(?=(\\|\/)[^\0-\37<>:""/\\|?*]+)|^\.(?=(\\|\/)[^\0-\37<>:""/\\|?*]+)|^\.\.(?=(\\|\/)[^\0-\37<>:""/\\|?*]+))((\\|\/)[^\0-\37<>:""/\\|?*]+|(\\|\/)$)*()$",,"FILE_FILENAME","c:\ucptest",,
LINUX FILE PATH,1,"\/$|(^(?=\/)|^\.|^\.\.)(\/(?=[^/\0])[^/\0]+)*\/?$",,"FILE_FILENAME",,,
FILE NAME,1,"(([a-zA-Z]:|\\\\\w[ \w\.]*)(\\\w[ \w\.]*|\\%[ \w\.]+%+)+|%[ \w\.]+%(\\\w[ \w\.]*|\\%[ \w\.]+%+)*)",,"FILE_FILENAME","c:\ucptest\test.bat",,
EMAIL ADDRESS,,\w+([-+.]\w+)*@\w+([-.]\w+)*\.\w+([-.]\w+)*,,CONNECTION_METHOD_EMAIL_ADDRESS,"chris.williams@readwatchcreate.com",,
AUSTRALIAN PHONE NUMBER,,"(1300\d{6}$)|(^1800|1900|1902\d{6}$)|(0[2|3|7|8]{1}[0-9]{8}$)|(13\d{4}$)|(^04\d{2,3}\d{6}$)",,CONNECTION_METHOD_PHONE_NUMBER|AUSTRALIAN_PHONE_NUMBER,,,
ITALIAN PHONE NUMBER,,"([0-9]*\-?\ ?\/?[0-9]*)$",,CONNECTION_METHOD_PHONE_NUMBER|ITALIAN_PHONE_NUMBER,,,
NORTH AMERICAN PHONE NUMBER,,"((\(\d{3}\)?)|(\d{3}))([\s-./]?)(\d{3})([\s-./]?)(\d{4})",,CONNECTION_METHOD_PHONE_NUMBER,"(905) 220-8496",,
UK PHONE NUMBER,,"\s*\(?(020[7,8]{1}\)?[ ]?[1-9]{1}[0-9{2}[ ]?[0-9]{4})|(0[1-8]{1}[0-9]{3}\)?[ ]?[1-9]{1}[0-9]{2}[ ]?[0-9]{3})\s*$",,CONNECTION_METHOD_PHONE_NUMBER,,,
URL,1,"\b(?:https?://|www\.)\S+\b",,URL_URL,"https://sitecoreguild.blogspot.com",,
POSTAL CODE,,"[ABCEGHJKLMNPRSTVXY]\d[ABCEGHJKLMNPRSTVWXYZ]( )?\d[ABCEGHJKLMNPRSTVWXYZ]\d$",,ADDRESS_POST_CODE,"L8B 0M6",,
FULL ZIP CODE,,"\d{5}(-{0,1}\d{4})?$",,ADDRESS_POST_CODE|US_ZIP_CODE,"90210-1234",,
ZIP CODE,,\d{5}$,,ADDRESS_POST_CODE|US_ZIP_CODE,"90210",,
DUTCH ZIP CODE,,[0-9]{4}\s*[a-zA-Z]{2},,ADDRESS_POST_CODE|DUTCH_ZIP_CODE,,,
