SYNONYM_FIELD_NAME,FIELD_NAME
BIRTH DAY,BIRTHDAY
BIRTH DATE,BIRTHDAY
BIRTH_DATE,BIRTHDAY
BIRTHDATE,BIRTHDAY
DATE OF BIRTH,BIRTHDAY
DATE_OF_BIRTH,BIRTHDAY
COMPANY_ID,COMPANY ID
COMPANY_NAME,COMPANY NAME
CONTACT_ID,CONTACT ID
TITLE,PREFIX
DESIGNATION,PREFIX
CONTACTNAME, FULL NAME
CONTACT_NAME,FULL NAME
FULL_NAME,FULL NAME
FULLNAME,FULL NAME
FIRST_NAME,FIRST NAME
FIRSTNAME,FIRST NAME
GIVEN NAME,FIRST NAME
GIVEN_NAME,FIRST NAME
GIVENNAME,FIRST NAME
CHRISTIAN NAME,FIRST NAME
CHRISTIAN_NAME,FIRST NAME
CHRISTIANNAME,FIRST NAME
FORE NAME,FIRST NAME
FORE_NAME,FIRST NAME
FORENAME,FIRST NAME
FRONT NAME,FIRST NAME
FRONT_NAME,FIRST NAME
FRONTNAME,FIRST NAME
MIDDLE_NAME,MIDDLE NAME
MIDDLENAME,MIDDLE NAME
INITIALS,MIDDLE NAME
SECOND NAME,MIDDLE NAME
SECOND_NAME,MIDDLE NAME
ALIAS,MIDDLE NAME
LAST_NAME,LAST NAME
LASTNAME,LAST NAME
SUR NAME,LAST NAME
SUR_NAME,LAST NAME
SURNAME,LAST NAME
FAMILY NAME,LAST NAME
FAMILY_NAME,LAST NAME
FAMILYNAME,LAST NAME
PATRONYMIC,LAST NAME
MAIDEN NAME,PRIOR LAST NAME
MAIDEN_NAME,PRIOR LAST NAME
MAIDENNAME,
NAME SUFFIX,SUFFIX
NAME_SUFFIX,SUFFIX
NAMESUFFIX,
EMAIL_ADDRESS,EMAIL ADDRESS
EMAILADDRESS,EMAIL ADDRESS
PHONE_NUMBER,PHONE NUMBER
PHONENUMBER,PHONE NUMBER
SEX,GENDER
TOWN,CITY
STATE,PROVINCE
POSTAL_CODE,POSTAL CODE
POSTALCODE,POSTAL CODE
ZIP CODE,POSTAL CODE
ZIP_CODE,POSTAL CODE
ZIPCODE,POSTAL CODE
FEED DATA DOMAIN ID,FEED_DATA_DOMAIN_ID
FEEDDATADOMAINID,FEED_DATA_DOMAIN_ID
FEED FORMAT TYPE,FEED_FORMAT_TYPE
FEEDFORMATTYPE,FEED_FORMAT_TYPE
FEED ID,FEED_ID
FEEDID,FEED_ID
FEED META,FEED_META
FEEDMETA,FEED_META
FEED NAME,FEED_NAME
FEEDNAME,FEED_NAME
FEED SOURCE,FEED_SOURCE
FEEDSOURCE,FEED_SOURCE
FEED SOURCE TYPE,FEED_SOURCE_TYPE
FEEDSOURCETYPE,FEED_SOURCE_TYPE
ID,CONTACT ID|COMPANY ID|FEED_ID
TAG CLOUD,CONTACT_TAGCLOUD|COMPANY_TAGCLOUD|FEED_TAGCLOUD
TAGCLOUD,CONTACT_TAGCLOUD|COMPANY_TAGCLOUD|FEED_TAGCLOUD
HONORS,CONTACT_TAGCLOUD|COMPANY_TAGCLOUD|FEED_TAGCLOUD
HONORS_AWARDS,CONTACT_TAGCLOUD|COMPANY_TAGCLOUD|FEED_TAGCLOUD
HONORS-AWARDS,CONTACT_TAGCLOUD|COMPANY_TAGCLOUD|FEED_TAGCLOUD
AWARDS,CONTACT_TAGCLOUD|COMPANY_TAGCLOUD|FEED_TAGCLOUD
CERTIFICATION,CONTACT_TAGCLOUD|COMPANY_TAGCLOUD|FEED_TAGCLOUD
CERTIFICATIONS,CONTACT_TAGCLOUD|COMPANY_TAGCLOUD|FEED_TAGCLOUD
TOP SKILLS,CONTACT_TAGCLOUD|COMPANY_TAGCLOUD|FEED_TAGCLOUD
TOP_SKILLS,CONTACT_TAGCLOUD|COMPANY_TAGCLOUD|FEED_TAGCLOUD
TOPSKILLS,CONTACT_TAGCLOUD|COMPANY_TAGCLOUD|FEED_TAGCLOUD
ADDITIONALMETA,CONTACT_ADDITIONALMETA|COMPANY_ADDITIONALMETA
