SourceTypes,Name,Template,Reference
,1d-interleaved-parityfec,application/1d-interleaved-parityfec,[RFC6015]
,3gpdash-qoe-report+xml,application/3gpdash-qoe-report+xml,[_3GPP][Ozgur_Oyman]
,3gpp-ims+xml,application/3gpp-ims+xml,[John_M_Meredith]
,A2L,application/A2L,[ASAM][Thomas_Thomsen]
,activemessage,application/activemessage,[Ehud_Shapiro]
,activity+json,application/activity+json,[W3C][Benjamin_Goering]
,alto-costmap+json,application/alto-costmap+json,[RFC7285]
,alto-costmapfilter+json,application/alto-costmapfilter+json,[RFC7285]
,alto-directory+json,application/alto-directory+json,[RFC7285]
,alto-endpointprop+json,application/alto-endpointprop+json,[RFC7285]
,alto-endpointpropparams+json,application/alto-endpointpropparams+json,[RFC7285]
,alto-endpointcost+json,application/alto-endpointcost+json,[RFC7285]
,alto-endpointcostparams+json,application/alto-endpointcostparams+json,[RFC7285]
,alto-error+json,application/alto-error+json,[RFC7285]
,alto-networkmapfilter+json,application/alto-networkmapfilter+json,[RFC7285]
,alto-networkmap+json,application/alto-networkmap+json,[RFC7285]
,AML,application/AML,[ASAM][Thomas_Thomsen]
,andrew-inset,application/andrew-inset,[Nathaniel_Borenstein]
,applefile,application/applefile,[Patrik_Faltstrom]
,ATF,application/ATF,[ASAM][Thomas_Thomsen]
,ATFX,application/ATFX,[ASAM][Thomas_Thomsen]
STRING_ATOM|1.0,atom+xml,application/atom+xml,[RFC4287][RFC5023]
,atomcat+xml,application/atomcat+xml,[RFC5023]
,atomdeleted+xml,application/atomdeleted+xml,[RFC6721]
,atomicmail,application/atomicmail,[Nathaniel_Borenstein]
,atomsvc+xml,application/atomsvc+xml,[RFC5023]
,atsc-dwd+xml,application/atsc-dwd+xml,[ATSC]
,atsc-held+xml,application/atsc-held+xml,[ATSC]
,atsc-rsat+xml,application/atsc-rsat+xml,[ATSC]
,ATXML,application/ATXML,[ASAM][Thomas_Thomsen]
,auth-policy+xml,application/auth-policy+xml,[RFC4745]
,bacnet-xdd+zip,application/bacnet-xdd+zip,[ASHRAE][Dave_Robin]
,batch-SMTP,application/batch-SMTP,[RFC2442]
,beep+xml,application/beep+xml,[RFC3080]
,calendar+json,application/calendar+json,[RFC7265]
,calendar+xml,application/calendar+xml,[RFC6321]
,call-completion,application/call-completion,[RFC6910]
,CALS-1840,application/CALS-1840,[RFC1895]
,cbor,application/cbor,[RFC7049]
,cccex,application/cccex,[_3GPP]
,ccmp+xml,application/ccmp+xml,[RFC6503]
,ccxml+xml,application/ccxml+xml,[RFC4267]
,CDFX+XML,application/CDFX+XML,[ASAM][Thomas_Thomsen]
,cdmi-capability,application/cdmi-capability,[RFC6208]
,cdmi-container,application/cdmi-container,[RFC6208]
,cdmi-domain,application/cdmi-domain,[RFC6208]
,cdmi-object,application/cdmi-object,[RFC6208]
,cdmi-queue,application/cdmi-queue,[RFC6208]
,cdni,application/cdni,[RFC7736]
,CEA,application/CEA,[ASAM][Thomas_Thomsen]
,cea-2018+xml,application/cea-2018+xml,[Gottfried_Zimmermann]
,cellml+xml,application/cellml+xml,[RFC4708]
,cfw,application/cfw,[RFC6230]
,clue_info+xml,application/clue_info+xml,[RFC-ietf-clue-data-model-schema-17]
,cms,application/cms,[RFC7193]
,cnrp+xml,application/cnrp+xml,[RFC3367]
,coap-group+json,application/coap-group+json,[RFC7390]
,coap-payload,application/coap-payload,[RFC8075]
,commonground,application/commonground,[David_Glazer]
,conference-info+xml,application/conference-info+xml,[RFC4575]
,cpl+xml,application/cpl+xml,[RFC3880]
,cose,application/cose,[RFC8152]
,cose-key,application/cose-key,[RFC8152]
,cose-key-set,application/cose-key-set,[RFC8152]
,csrattrs,application/csrattrs,[RFC7030]
,csta+xml,application/csta+xml,[Ecma_International_Helpdesk]
,CSTAdata+xml,application/CSTAdata+xml,[Ecma_International_Helpdesk]
,csvm+json,application/csvm+json,[W3C][Ivan_Herman]
,cwt,application/cwt,[RFC8392]
,cybercash,application/cybercash,[Donald_E._Eastlake_3rd]
,dash+xml,application/dash+xml,[Thomas_Stockhammer][ISO-IEC_JTC1]
,dashdelta,application/dashdelta,[David_Furbeck]
,davmount+xml,application/davmount+xml,[RFC4709]
,dca-rft,application/dca-rft,[Larry_Campbell]
,DCD,application/DCD,[ASAM][Thomas_Thomsen]
,dec-dx,application/dec-dx,[Larry_Campbell]
,dialog-info+xml,application/dialog-info+xml,[RFC4235]
,dicom,application/dicom,[RFC3240]
,dicom+json,application/dicom+json,[DICOM_Standards_Committee][David_Clunie][James_F_Philbin]
,dicom+xml,application/dicom+xml,[DICOM_Standards_Committee][David_Clunie][James_F_Philbin]
,DII,application/DII,[ASAM][Thomas_Thomsen]
,DIT,application/DIT,[ASAM][Thomas_Thomsen]
,dns,application/dns,[RFC4027]
,dns+json,application/dns+json,[RFC8427]
,dns-message,application/dns-message,[RFC8484]
,dskpp+xml,application/dskpp+xml,[RFC6063]
,dssc+der,application/dssc+der,[RFC5698]
,dssc+xml,application/dssc+xml,[RFC5698]
,dvcs,application/dvcs,[RFC3029]
,ecmascript,application/ecmascript,[RFC4329]
,EDI-consent,application/EDI-consent,[RFC1767]
,EDIFACT,application/EDIFACT,[RFC1767]
,EDI-X12,application/EDI-X12,[RFC1767]
,efi,application/efi,[UEFI_Forum][Samer_El-Haj-Mahmoud]
,EmergencyCallData.Comment+xml,application/EmergencyCallData.Comment+xml,[RFC7852]
,EmergencyCallData.Control+xml,application/EmergencyCallData.Control+xml,[RFC8147]
,EmergencyCallData.DeviceInfo+xml,application/EmergencyCallData.DeviceInfo+xml,[RFC7852]
,EmergencyCallData.eCall.MSD,application/EmergencyCallData.eCall.MSD,[RFC8147]
,EmergencyCallData.ProviderInfo+xml,application/EmergencyCallData.ProviderInfo+xml,[RFC7852]
,EmergencyCallData.ServiceInfo+xml,application/EmergencyCallData.ServiceInfo+xml,[RFC7852]
,EmergencyCallData.SubscriberInfo+xml,application/EmergencyCallData.SubscriberInfo+xml,[RFC7852]
,EmergencyCallData.VEDS+xml,application/EmergencyCallData.VEDS+xml,[RFC8148]
,emma+xml,,[W3C][http://www.w3.org/TR/2007/CR-emma-20071211/#media-type-registration][ISO-IEC_JTC1]
,emotionml+xml,application/emotionml+xml,[W3C][Kazuyuki_Ashimura]
,encaprtp,application/encaprtp,[RFC6849]
,epp+xml,application/epp+xml,[RFC5730]
,epub+zip,application/epub+zip,[International_Digital_Publishing_Forum][William_McCoy]
,eshop,application/eshop,[Steve_Katz]
,example,application/example,[RFC4735]
,expect-ct-report+json,application/expect-ct-report+json,[RFC-ietf-httpbis-expect-ct-08]
,fastinfoset,application/fastinfoset,[ITU-T_ASN.1_Rapporteur]
,fastsoap,application/fastsoap,[ITU-T_ASN.1_Rapporteur]
,fdt+xml,application/fdt+xml,[RFC6726]
,fhir+json,application/fhir+json,[HL7][Grahame_Grieve]
,fhir+xml,application/fhir+xml,[HL7][Grahame_Grieve]
,fits,application/fits,[RFC4047]
,flexfec,application/flexfec,[RFC8627]
,font-sfnt - DEPRECATED in favor of font/sfnt,application/font-sfnt,[Levantovsky][ISO-IEC_JTC1][RFC8081]
,font-tdpfr,application/font-tdpfr,[RFC3073]
,font-woff - DEPRECATED in favor of font/woff,application/font-woff,[W3C][RFC8081]
,framework-attributes+xml,application/framework-attributes+xml,[RFC6230]
,geo+json,application/geo+json,[RFC7946]
,geo+json-seq,application/geo+json-seq,[RFC8142]
,geopackage+sqlite3,application/geopackage+sqlite3,[OGC][Scott_Simmons]
,geoxacml+xml,application/geoxacml+xml,[OGC][Scott_Simmons]
,gltf-buffer,application/gltf-buffer,[Khronos][Saurabh_Bhatia]
,gml+xml,application/gml+xml,[OGC][Clemens_Portele]
BINARY_COMPRESSED_GZIP|1.0,gzip,application/gzip,[RFC6713]
,H224,application/H224,[RFC4573]
,held+xml,application/held+xml,[RFC5985]
,http,application/http,[RFC7230]
,hyperstudio,application/hyperstudio,[Michael_Domino]
,ibe-key-request+xml,application/ibe-key-request+xml,[RFC5408]
,ibe-pkg-reply+xml,application/ibe-pkg-reply+xml,[RFC5408]
,ibe-pp-data,application/ibe-pp-data,[RFC5408]
,iges,application/iges,[Curtis_Parks]
,im-iscomposing+xml,application/im-iscomposing+xml,[RFC3994]
,index,application/index,[RFC2652]
,index.cmd,application/index.cmd,[RFC2652]
,index.obj,application/index.obj,[RFC2652]
,index.response,application/index.response,[RFC2652]
,index.vnd,application/index.vnd,[RFC2652]
,inkml+xml,application/inkml+xml,[Kazuyuki_Ashimura]
,IOTP,application/IOTP,[RFC2935]
,ipfix,application/ipfix,[RFC5655]
,ipp,application/ipp,[RFC8010]
,isup,application/isup,[RFC3204]
,its+xml,application/its+xml,[W3C][ITS-IG-W3C]
TEXT_JAVASCRIPT:1.0,javascript,application/javascript,[RFC4329]
,jf2feed+json,application/jf2feed+json,[W3C][Ivan_Herman]
,jose,application/jose,[RFC7515]
,jose+json,application/jose+json,[RFC7515]
,jrd+json,application/jrd+json,[RFC7033]
TEXT_JSON|1.0,json,application/json,[RFC8259]
,json-patch+json,application/json-patch+json,[RFC6902]
,json-seq,application/json-seq,[RFC7464]
,jwk+json,application/jwk+json,[RFC7517]
,jwk-set+json,application/jwk-set+json,[RFC7517]
,jwt,application/jwt,[RFC7519]
,kpml-request+xml,application/kpml-request+xml,[RFC4730]
,kpml-response+xml,application/kpml-response+xml,[RFC4730]
,ld+json,application/ld+json,[W3C][Ivan_Herman]
,lgr+xml,application/lgr+xml,[RFC7940]
,link-format,application/link-format,[RFC6690]
,load-control+xml,application/load-control+xml,[RFC7200]
,lost+xml,application/lost+xml,[RFC5222]
,lostsync+xml,application/lostsync+xml,[RFC6739]
,LXF,application/LXF,[ASAM][Thomas_Thomsen]
,mac-binhex40,application/mac-binhex40,[Patrik_Faltstrom]
,macwriteii,application/macwriteii,[Paul_Lindner]
,mads+xml,application/mads+xml,[RFC6207]
,marc,application/marc,[RFC2220]
,marcxml+xml,application/marcxml+xml,[RFC6207]
,mathematica,application/mathematica,[Wolfram]
,mathml-content+xml,,[W3C][http://www.w3.org/TR/MathML3/appendixb.html]
,mathml-presentation+xml,,[W3C][http://www.w3.org/TR/MathML3/appendixb.html]
,mathml+xml,,[W3C][http://www.w3.org/TR/MathML3/appendixb.html]
,mbms-associated-procedure-description+xml,application/mbms-associated-procedure-description+xml,[_3GPP]
,mbms-deregister+xml,application/mbms-deregister+xml,[_3GPP]
,mbms-envelope+xml,application/mbms-envelope+xml,[_3GPP]
,mbms-msk-response+xml,application/mbms-msk-response+xml,[_3GPP]
,mbms-msk+xml,application/mbms-msk+xml,[_3GPP]
,mbms-protection-description+xml,application/mbms-protection-description+xml,[_3GPP]
,mbms-reception-report+xml,application/mbms-reception-report+xml,[_3GPP]
,mbms-register-response+xml,application/mbms-register-response+xml,[_3GPP]
,mbms-register+xml,application/mbms-register+xml,[_3GPP]
,mbms-schedule+xml,application/mbms-schedule+xml,[_3GPP][Eric_Turcotte]
,mbms-user-service-description+xml,application/mbms-user-service-description+xml,[_3GPP]
,mbox,application/mbox,[RFC4155]
,media_control+xml,application/media_control+xml,[RFC5168]
,media-policy-dataset+xml,application/media-policy-dataset+xml,[RFC6796]
,mediaservercontrol+xml,application/mediaservercontrol+xml,[RFC5022]
,merge-patch+json,application/merge-patch+json,[RFC7396]
,metalink4+xml,application/metalink4+xml,[RFC5854]
,mets+xml,application/mets+xml,[RFC6207]
,MF4,application/MF4,[ASAM][Thomas_Thomsen]
,mikey,application/mikey,[RFC3830]
,mmt-aei+xml,application/mmt-aei+xml,[ATSC]
,mmt-usd+xml,application/mmt-usd+xml,[ATSC]
,mods+xml,application/mods+xml,[RFC6207]
,moss-keys,application/moss-keys,[RFC1848]
,moss-signature,application/moss-signature,[RFC1848]
,mosskey-data,application/mosskey-data,[RFC1848]
,mosskey-request,application/mosskey-request,[RFC1848]
,mp21,application/mp21,[RFC6381][David_Singer]
,mp4,application/mp4,[RFC4337][RFC6381]
,mpeg4-generic,application/mpeg4-generic,[RFC3640]
,mpeg4-iod,application/mpeg4-iod,[RFC4337]
,mpeg4-iod-xmt,application/mpeg4-iod-xmt,[RFC4337]
,mrb-consumer+xml,application/mrb-consumer+xml,[RFC6917]
,mrb-publish+xml,application/mrb-publish+xml,[RFC6917]
,msc-ivr+xml,application/msc-ivr+xml,[RFC6231]
,msc-mixer+xml,application/msc-mixer+xml,[RFC6505]
,msword,application/msword,[Paul_Lindner]
,mud+json,application/mud+json,[RFC8520]
,mxf,application/mxf,[RFC4539]
,n-quads,application/n-quads,[W3C][Eric_Prudhommeaux]
,n-triples,application/n-triples,[W3C][Eric_Prudhommeaux]
,nasdata,application/nasdata,[RFC4707]
,news-checkgroups,application/news-checkgroups,[RFC5537]
,news-groupinfo,application/news-groupinfo,[RFC5537]
,news-transmission,application/news-transmission,[RFC5537]
,nlsml+xml,application/nlsml+xml,[RFC6787]
,node,application/node,[Node.js_TSC]
,nss,application/nss,[Michael_Hammer]
,ocsp-request,application/ocsp-request,[RFC6960]
,ocsp-response,application/ocsp-response,[RFC6960]
,octet-stream,application/octet-stream,[RFC2045][RFC2046]
,ODA,application/ODA,[RFC1494]
,odm+xml,application/odm+xml,[CDISC][Sam_Hume]
,ODX,application/ODX,[ASAM][Thomas_Thomsen]
,oebps-package+xml,application/oebps-package+xml,[RFC4839]
,ogg,application/ogg,[RFC5334][RFC7845]
,oscore,application/oscore,[RFC8613]
,oxps,application/oxps,[Ecma_International_Helpdesk]
,p2p-overlay+xml,application/p2p-overlay+xml,[RFC6940]
,parityfec,,[RFC5109]
,passport,application/passport,[RFC8225]
,patch-ops-error+xml,application/patch-ops-error+xml,[RFC5261]
BINARY_ADOBE_PDF|1.0,pdf,application/pdf,[RFC8118]
,PDX,application/PDX,[ASAM][Thomas_Thomsen]
,pem-certificate-chain,application/pem-certificate-chain,[RFC8555]
,pgp-encrypted,application/pgp-encrypted,[RFC3156]
,pgp-keys,,[RFC3156]
,pgp-signature,application/pgp-signature,[RFC3156]
,pidf-diff+xml,application/pidf-diff+xml,[RFC5262]
,pidf+xml,application/pidf+xml,[RFC3863]
,pkcs10,application/pkcs10,[RFC5967]
,pkcs7-mime,application/pkcs7-mime,[RFC8551][RFC7114]
,pkcs7-signature,application/pkcs7-signature,[RFC8551]
,pkcs8,application/pkcs8,[RFC5958]
,pkcs8-encrypted,application/pkcs8-encrypted,[RFC8351]
,pkcs12,application/pkcs12,[IETF]
,pkix-attr-cert,application/pkix-attr-cert,[RFC5877]
,pkix-cert,application/pkix-cert,[RFC2585]
,pkix-crl,application/pkix-crl,[RFC2585]
,pkix-pkipath,application/pkix-pkipath,[RFC6066]
,pkixcmp,application/pkixcmp,[RFC2510]
,pls+xml,application/pls+xml,[RFC4267]
,poc-settings+xml,application/poc-settings+xml,[RFC4354]
,postscript,application/postscript,[RFC2045][RFC2046]
,ppsp-tracker+json,application/ppsp-tracker+json,[RFC7846]
,problem+json,application/problem+json,[RFC7807]
,problem+xml,application/problem+xml,[RFC7807]
,provenance+xml,application/provenance+xml,[W3C][Ivan_Herman]
,prs.alvestrand.titrax-sheet,application/prs.alvestrand.titrax-sheet,[Harald_T._Alvestrand]
,prs.cww,application/prs.cww,[Khemchart_Rungchavalnont]
,prs.hpub+zip,application/prs.hpub+zip,[Giulio_Zambon]
,prs.nprend,application/prs.nprend,[Jay_Doggett]
,prs.plucker,application/prs.plucker,[Bill_Janssen]
,prs.rdf-xml-crypt,application/prs.rdf-xml-crypt,[Toby_Inkster]
,prs.xsf+xml,application/prs.xsf+xml,[Maik_Stührenberg]
,pskc+xml,application/pskc+xml,[RFC6030]
,rdf+xml,application/rdf+xml,[RFC3870]
,route-apd+xml,application/route-apd+xml,[ATSC]
,route-s-tsid+xml,application/route-s-tsid+xml,[ATSC]
,route-usd+xml,application/route-usd+xml,[ATSC]
,QSIG,application/QSIG,[RFC3204]
,raptorfec,application/raptorfec,[RFC6682]
,rdap+json,application/rdap+json,[RFC7483]
,reginfo+xml,application/reginfo+xml,[RFC3680]
,relax-ng-compact-syntax,application/relax-ng-compact-syntax,[http://www.jtc1sc34.org/repository/0661.pdf]
,remote-printing,application/remote-printing,[RFC1486][Marshall_Rose]
,reputon+json,application/reputon+json,[RFC7071]
,resource-lists-diff+xml,application/resource-lists-diff+xml,[RFC5362]
,resource-lists+xml,application/resource-lists+xml,[RFC4826]
,rfc+xml,application/rfc+xml,[RFC7991]
,riscos,application/riscos,[Nick_Smith]
,rlmi+xml,application/rlmi+xml,[RFC4662]
,rls-services+xml,application/rls-services+xml,[RFC4826]
,rpki-ghostbusters,application/rpki-ghostbusters,[RFC6493]
,rpki-manifest,application/rpki-manifest,[RFC6481]
,rpki-publication,application/rpki-publication,[RFC8181]
,rpki-roa,application/rpki-roa,[RFC6481]
,rpki-updown,application/rpki-updown,[RFC6492]
,rtf,application/rtf,[Paul_Lindner]
,rtploopback,application/rtploopback,[RFC6849]
,rtx,application/rtx,[RFC4588]
,samlassertion+xml,application/samlassertion+xml,[OASIS_Security_Services_Technical_Committee_SSTC]
,samlmetadata+xml,application/samlmetadata+xml,[OASIS_Security_Services_Technical_Committee_SSTC]
,sbml+xml,application/sbml+xml,[RFC3823]
,scaip+xml,application/scaip+xml,[SIS][Oskar_Jonsson]
,scim+json,application/scim+json,[RFC7644]
,scvp-cv-request,application/scvp-cv-request,[RFC5055]
,scvp-cv-response,application/scvp-cv-response,[RFC5055]
,scvp-vp-request,application/scvp-vp-request,[RFC5055]
,scvp-vp-response,application/scvp-vp-response,[RFC5055]
,sdp,application/sdp,[RFC4566]
,secevent+jwt,application/secevent+jwt,[RFC8417]
,senml-exi,application/senml-exi,[RFC8428]
,senml+cbor,application/senml+cbor,[RFC8428]
,senml+json,application/senml+json,[RFC8428]
,senml+xml,application/senml+xml,[RFC8428]
,sensml-exi,application/sensml-exi,[RFC8428]
,sensml+cbor,application/sensml+cbor,[RFC8428]
,sensml+json,application/sensml+json,[RFC8428]
,sensml+xml,application/sensml+xml,[RFC8428]
,sep-exi,application/sep-exi,[Robby_Simpson][ZigBee]
,sep+xml,application/sep+xml,[Robby_Simpson][ZigBee]
,session-info,application/session-info,[_3GPP][Frederic_Firmin]
,set-payment,application/set-payment,[Brian_Korver]
,set-payment-initiation,application/set-payment-initiation,[Brian_Korver]
,set-registration,application/set-registration,[Brian_Korver]
,set-registration-initiation,application/set-registration-initiation,[Brian_Korver]
,sgml,application/sgml,[RFC1874]
,sgml-open-catalog,application/sgml-open-catalog,[Paul_Grosso]
,shf+xml,application/shf+xml,[RFC4194]
,sieve,application/sieve,[RFC5228]
,simple-filter+xml,application/simple-filter+xml,[RFC4661]
,simple-message-summary,application/simple-message-summary,[RFC3842]
,simpleSymbolContainer,application/simpleSymbolContainer,[_3GPP]
,slate,application/slate,[Terry_Crowley]
,smil - OBSOLETED in favor of application/smil+xml,application/smil,[RFC4536]
,smil+xml,application/smil+xml,[RFC4536]
,smpte336m,application/smpte336m,[RFC6597]
,soap+fastinfoset,application/soap+fastinfoset,[ITU-T_ASN.1_Rapporteur]
,soap+xml,application/soap+xml,[RFC3902]
,sparql-query,,[W3C][http://www.w3.org/TR/2007/CR-rdf-sparql-query-20070614/#mediaType]
,sparql-results+xml,,[W3C][http://www.w3.org/TR/2007/CR-rdf-sparql-XMLres-20070925/#mime]
,spirits-event+xml,application/spirits-event+xml,[RFC3910]
,sql,application/sql,[RFC6922]
,srgs,application/srgs,[RFC4267]
,srgs+xml,application/srgs+xml,[RFC4267]
,sru+xml,application/sru+xml,[RFC6207]
,stix+json,application/stix+json,[OASIS][Chet_Ensign]
,ssml+xml,application/ssml+xml,[RFC4267]
,tamp-apex-update,application/tamp-apex-update,[RFC5934]
,tamp-apex-update-confirm,application/tamp-apex-update-confirm,[RFC5934]
,tamp-community-update,application/tamp-community-update,[RFC5934]
,tamp-community-update-confirm,application/tamp-community-update-confirm,[RFC5934]
,tamp-error,application/tamp-error,[RFC5934]
,tamp-sequence-adjust,application/tamp-sequence-adjust,[RFC5934]
,tamp-sequence-adjust-confirm,application/tamp-sequence-adjust-confirm,[RFC5934]
,tamp-status-query,application/tamp-status-query,[RFC5934]
,tamp-status-response,application/tamp-status-response,[RFC5934]
,tamp-update,application/tamp-update,[RFC5934]
,tamp-update-confirm,application/tamp-update-confirm,[RFC5934]
,taxii+json,application/taxii+json,[OASIS][Chet_Ensign]
,tei+xml,application/tei+xml,[RFC6129]
,TETRA_ISI,application/TETRA_ISI,[ETSI][Miguel_Angel_Reina_Ortega]
,thraud+xml,application/thraud+xml,[RFC5941]
,timestamp-query,application/timestamp-query,[RFC3161]
,timestamp-reply,application/timestamp-reply,[RFC3161]
,timestamped-data,application/timestamped-data,[RFC5955]
,tlsrpt+gzip,application/tlsrpt+gzip,[RFC8460]
,tlsrpt+json,application/tlsrpt+json,[RFC8460]
,tnauthlist,application/tnauthlist,[RFC8226]
,trickle-ice-sdpfrag,application/trickle-ice-sdpfrag,[RFC-ietf-mmusic-trickle-ice-sip-18]
,trig,application/trig,[W3C][W3C_RDF_Working_Group]
,ttml+xml,application/ttml+xml,[W3C][W3C_Timed_Text_Working_Group]
,tve-trigger,application/tve-trigger,[Linda_Welsh]
,tzif,application/tzif,[RFC8536]
,tzif-leap,application/tzif-leap,[RFC8536]
,ulpfec,application/ulpfec,[RFC5109]
,urc-grpsheet+xml,application/urc-grpsheet+xml,[Gottfried_Zimmermann][ISO-IEC_JTC1]
,urc-ressheet+xml,application/urc-ressheet+xml,[Gottfried_Zimmermann][ISO-IEC_JTC1]
,urc-targetdesc+xml,application/urc-targetdesc+xml,[Gottfried_Zimmermann][ISO-IEC_JTC1]
,urc-uisocketdesc+xml,application/urc-uisocketdesc+xml,[Gottfried_Zimmermann]
TEXT_VCARD_JSON|1.0,vcard+json,application/vcard+json,[RFC7095]
TEXT_VCARD_XML|1.0,vcard+xml,application/vcard+xml,[RFC6351]
,vemmi,application/vemmi,[RFC2122]
,vnd.1000minds.decision-model+xml,application/vnd.1000minds.decision-model+xml,[Franz_Ombler]
,vnd.3gpp.access-transfer-events+xml,application/vnd.3gpp.access-transfer-events+xml,[Frederic_Firmin]
,vnd.3gpp.bsf+xml,application/vnd.3gpp.bsf+xml,[John_M_Meredith]
,vnd.3gpp.GMOP+xml,application/vnd.3gpp.GMOP+xml,[Frederic_Firmin]
,vnd.3gpp.mc-signalling-ear,application/vnd.3gpp.mc-signalling-ear,[Tim_Woodward]
,vnd.3gpp.mcdata-affiliation-command+xml,application/vnd.3gpp.mcdata-affiliation-command+xml,[Frederic_Firmin]
,vnd.3gpp.mcdata-info+xml,application/vnd.3gpp.mcdata-info+xml,[Frederic_Firmin]
,vnd.3gpp.mcdata-payload,application/vnd.3gpp.mcdata-payload,[Frederic_Firmin]
,vnd.3gpp.mcdata-service-config+xml,application/vnd.3gpp.mcdata-service-config+xml,[Frederic_Firmin]
,vnd.3gpp.mcdata-signalling,application/vnd.3gpp.mcdata-signalling,[Frederic_Firmin]
,vnd.3gpp.mcdata-ue-config+xml,application/vnd.3gpp.mcdata-ue-config+xml,[Frederic_Firmin]
,vnd.3gpp.mcdata-user-profile+xml,application/vnd.3gpp.mcdata-user-profile+xml,[Frederic_Firmin]
,vnd.3gpp.mcptt-affiliation-command+xml,application/vnd.3gpp.mcptt-affiliation-command+xml,[Frederic_Firmin]
,vnd.3gpp.mcptt-floor-request+xml,application/vnd.3gpp.mcptt-floor-request+xml,[Frederic_Firmin]
,vnd.3gpp.mcptt-info+xml,application/vnd.3gpp.mcptt-info+xml,[Frederic_Firmin]
,vnd.3gpp.mcptt-location-info+xml,application/vnd.3gpp.mcptt-location-info+xml,[Frederic_Firmin]
,vnd.3gpp.mcptt-mbms-usage-info+xml,application/vnd.3gpp.mcptt-mbms-usage-info+xml,[Frederic_Firmin]
,vnd.3gpp.mcptt-service-config+xml,application/vnd.3gpp.mcptt-service-config+xml,[Frederic_Firmin]
,vnd.3gpp.mcptt-signed+xml,application/vnd.3gpp.mcptt-signed+xml,[Frederic_Firmin]
,vnd.3gpp.mcptt-ue-config+xml,application/vnd.3gpp.mcptt-ue-config+xml,[Frederic_Firmin]
,vnd.3gpp.mcptt-ue-init-config+xml,application/vnd.3gpp.mcptt-ue-init-config+xml,[Frederic_Firmin]
,vnd.3gpp.mcptt-user-profile+xml,application/vnd.3gpp.mcptt-user-profile+xml,[Frederic_Firmin]
,vnd.3gpp.mcvideo-affiliation-command+xml,application/vnd.3gpp.mcvideo-affiliation-command+xml,[Frederic_Firmin]
,vnd.3gpp.mcvideo-affiliation-info+xml - OBSOLETE,application/vnd.3gpp.mcvideo-affiliation-info+xml,[Frederic_Firmin]
,vnd.3gpp.mcvideo-info+xml,application/vnd.3gpp.mcvideo-info+xml,[Frederic_Firmin]
,vnd.3gpp.mcvideo-location-info+xml,application/vnd.3gpp.mcvideo-location-info+xml,[Frederic_Firmin]
,vnd.3gpp.mcvideo-mbms-usage-info+xml,application/vnd.3gpp.mcvideo-mbms-usage-info+xml,[Frederic_Firmin]
,vnd.3gpp.mcvideo-service-config+xml,application/vnd.3gpp.mcvideo-service-config+xml,[Frederic_Firmin]
,vnd.3gpp.mcvideo-transmission-request+xml,application/vnd.3gpp.mcvideo-transmission-request+xml,[Frederic_Firmin]
,vnd.3gpp.mcvideo-ue-config+xml,application/vnd.3gpp.mcvideo-ue-config+xml,[Frederic_Firmin]
,vnd.3gpp.mcvideo-user-profile+xml,application/vnd.3gpp.mcvideo-user-profile+xml,[Frederic_Firmin]
,vnd.3gpp.mid-call+xml,application/vnd.3gpp.mid-call+xml,[Frederic_Firmin]
,vnd.3gpp.pic-bw-large,application/vnd.3gpp.pic-bw-large,[John_M_Meredith]
,vnd.3gpp.pic-bw-small,application/vnd.3gpp.pic-bw-small,[John_M_Meredith]
,vnd.3gpp.pic-bw-var,application/vnd.3gpp.pic-bw-var,[John_M_Meredith]
,vnd.3gpp-prose-pc3ch+xml,application/vnd.3gpp-prose-pc3ch+xml,[Frederic_Firmin]
,vnd.3gpp-prose+xml,application/vnd.3gpp-prose+xml,[Frederic_Firmin]
,vnd.3gpp.sms,application/vnd.3gpp.sms,[John_M_Meredith]
,vnd.3gpp.sms+xml,application/vnd.3gpp.sms+xml,[Frederic_Firmin]
,vnd.3gpp.srvcc-ext+xml,application/vnd.3gpp.srvcc-ext+xml,[Frederic_Firmin]
,vnd.3gpp.SRVCC-info+xml,application/vnd.3gpp.SRVCC-info+xml,[Frederic_Firmin]
,vnd.3gpp.state-and-event-info+xml,application/vnd.3gpp.state-and-event-info+xml,[Frederic_Firmin]
,vnd.3gpp.ussd+xml,application/vnd.3gpp.ussd+xml,[Frederic_Firmin]
,vnd.3gpp-v2x-local-service-information,application/vnd.3gpp-v2x-local-service-information,[Frederic_Firmin]
,vnd.3gpp2.bcmcsinfo+xml,application/vnd.3gpp2.bcmcsinfo+xml,[Andy_Dryden]
,vnd.3gpp2.sms,application/vnd.3gpp2.sms,[AC_Mahendran]
,vnd.3gpp2.tcap,application/vnd.3gpp2.tcap,[AC_Mahendran]
,vnd.3lightssoftware.imagescal,application/vnd.3lightssoftware.imagescal,[Gus_Asadi]
,vnd.3M.Post-it-Notes,application/vnd.3M.Post-it-Notes,[Michael_OBrien]
,vnd.accpac.simply.aso,application/vnd.accpac.simply.aso,[Steve_Leow]
,vnd.accpac.simply.imp,application/vnd.accpac.simply.imp,[Steve_Leow]
,vnd.acucobol,application/vnd.acucobol,[Dovid_Lubin]
,vnd.acucorp,application/vnd.acucorp,[Dovid_Lubin]
,vnd.adobe.flash.movie,application/vnd.adobe.flash.movie,[Henrik_Andersson]
,vnd.adobe.formscentral.fcdt,application/vnd.adobe.formscentral.fcdt,[Chris_Solc]
,vnd.adobe.fxp,application/vnd.adobe.fxp,[Robert_Brambley][Steven_Heintz]
,vnd.adobe.partial-upload,application/vnd.adobe.partial-upload,[Tapani_Otala]
,vnd.adobe.xdp+xml,application/vnd.adobe.xdp+xml,[John_Brinkman]
,vnd.adobe.xfdf,application/vnd.adobe.xfdf,[Roberto_Perelman]
,vnd.aether.imp,application/vnd.aether.imp,[Jay_Moskowitz]
,vnd.afpc.afplinedata,application/vnd.afpc.afplinedata,[Jörg_Palmer]
,vnd.afpc.modca,application/vnd.afpc.modca,[Jörg_Palmer]
,vnd.ah-barcode,application/vnd.ah-barcode,[Katsuhiko_Ichinose]
,vnd.ahead.space,application/vnd.ahead.space,[Tor_Kristensen]
,vnd.airzip.filesecure.azf,application/vnd.airzip.filesecure.azf,[Daniel_Mould][Gary_Clueit]
,vnd.airzip.filesecure.azs,application/vnd.airzip.filesecure.azs,[Daniel_Mould][Gary_Clueit]
,vnd.amadeus+json,application/vnd.amadeus+json,[Patrick_Brosse]
,vnd.amazon.mobi8-ebook,application/vnd.amazon.mobi8-ebook,[Kim_Scarborough]
,vnd.americandynamics.acc,application/vnd.americandynamics.acc,[Gary_Sands]
,vnd.amiga.ami,application/vnd.amiga.ami,[Kevin_Blumberg]
,vnd.amundsen.maze+xml,application/vnd.amundsen.maze+xml,[Mike_Amundsen]
,vnd.android.ota,application/vnd.android.ota,[Greg_Kaiser]
,vnd.anki,application/vnd.anki,[Kerrick_Staley]
,vnd.anser-web-certificate-issue-initiation,application/vnd.anser-web-certificate-issue-initiation,[Hiroyoshi_Mori]
,vnd.antix.game-component,application/vnd.antix.game-component,[Daniel_Shelton]
,vnd.apache.thrift.binary,application/vnd.apache.thrift.binary,[Roger_Meier]
,vnd.apache.thrift.compact,application/vnd.apache.thrift.compact,[Roger_Meier]
,vnd.apache.thrift.json,application/vnd.apache.thrift.json,[Roger_Meier]
,vnd.api+json,application/vnd.api+json,[Steve_Klabnik]
,vnd.apothekende.reservation+json,application/vnd.apothekende.reservation+json,[Adrian_Föder]
,vnd.apple.installer+xml,application/vnd.apple.installer+xml,[Peter_Bierman]
,vnd.apple.keynote,application/vnd.apple.keynote,[Manichandra_Sajjanapu]
,vnd.apple.mpegurl,application/vnd.apple.mpegurl,[RFC8216]
,vnd.apple.numbers,application/vnd.apple.numbers,[Manichandra_Sajjanapu]
,vnd.apple.pages,application/vnd.apple.pages,[Manichandra_Sajjanapu]
,vnd.arastra.swi - OBSOLETED in favor of application/vnd.aristanetworks.swi,application/vnd.arastra.swi,[Bill_Fenner]
,vnd.aristanetworks.swi,application/vnd.aristanetworks.swi,[Bill_Fenner]
,vnd.artisan+json,application/vnd.artisan+json,[Brad_Turner]
,vnd.artsquare,application/vnd.artsquare,[Christopher_Smith]
,vnd.astraea-software.iota,application/vnd.astraea-software.iota,[Christopher_Snazell]
,vnd.audiograph,application/vnd.audiograph,[Horia_Cristian_Slusanschi]
,vnd.autopackage,application/vnd.autopackage,[Mike_Hearn]
,vnd.avalon+json,application/vnd.avalon+json,[Ben_Hinman]
,vnd.avistar+xml,application/vnd.avistar+xml,[Vladimir_Vysotsky]
,vnd.balsamiq.bmml+xml,application/vnd.balsamiq.bmml+xml,[Giacomo_Guilizzoni]
,vnd.banana-accounting,application/vnd.banana-accounting,[José_Del_Romano]
,vnd.bbf.usp.error,application/vnd.bbf.usp.error,[William_Lupton]
,vnd.bbf.usp.msg,application/vnd.bbf.usp.msg,[William_Lupton]
,vnd.bbf.usp.msg+json,application/vnd.bbf.usp.msg+json,[William_Lupton]
,vnd.balsamiq.bmpr,application/vnd.balsamiq.bmpr,[Giacomo_Guilizzoni]
,vnd.bekitzur-stech+json,application/vnd.bekitzur-stech+json,[Jegulsky]
,vnd.bint.med-content,application/vnd.bint.med-content,[Heinz-Peter_Schütz]
,vnd.biopax.rdf+xml,application/vnd.biopax.rdf+xml,[Pathway_Commons]
,vnd.blink-idb-value-wrapper,application/vnd.blink-idb-value-wrapper,[Victor_Costan]
,vnd.blueice.multipass,application/vnd.blueice.multipass,[Thomas_Holmstrom]
,vnd.bluetooth.ep.oob,application/vnd.bluetooth.ep.oob,[Mike_Foley]
,vnd.bluetooth.le.oob,application/vnd.bluetooth.le.oob,[Mark_Powell]
,vnd.bmi,application/vnd.bmi,[Tadashi_Gotoh]
,vnd.businessobjects,application/vnd.businessobjects,[Philippe_Imoucha]
,vnd.byu.uapi+json,application/vnd.byu.uapi+json,[Brent_Moore]
,vnd.cab-jscript,application/vnd.cab-jscript,[Joerg_Falkenberg]
,vnd.canon-cpdl,application/vnd.canon-cpdl,[Shin_Muto]
,vnd.canon-lips,application/vnd.canon-lips,[Shin_Muto]
,vnd.capasystems-pg+json,application/vnd.capasystems-pg+json,[Yüksel_Aydemir]
,vnd.cendio.thinlinc.clientconf,application/vnd.cendio.thinlinc.clientconf,[Peter_Astrand]
,vnd.century-systems.tcp_stream,application/vnd.century-systems.tcp_stream,[Shuji_Fujii]
,vnd.chemdraw+xml,application/vnd.chemdraw+xml,[Glenn_Howes]
,vnd.chess-pgn,application/vnd.chess-pgn,[Kim_Scarborough]
,vnd.chipnuts.karaoke-mmd,application/vnd.chipnuts.karaoke-mmd,[Chunyun_Xiong]
,vnd.ciedi,application/vnd.ciedi,[Hidekazu_Enjo]
,vnd.cinderella,application/vnd.cinderella,[Ulrich_Kortenkamp]
,vnd.cirpack.isdn-ext,application/vnd.cirpack.isdn-ext,[Pascal_Mayeux]
,vnd.citationstyles.style+xml,application/vnd.citationstyles.style+xml,[Rintze_M._Zelle]
,vnd.claymore,application/vnd.claymore,[Ray_Simpson]
,vnd.cloanto.rp9,application/vnd.cloanto.rp9,[Mike_Labatt]
,vnd.clonk.c4group,application/vnd.clonk.c4group,[Guenther_Brammer]
,vnd.cluetrust.cartomobile-config,application/vnd.cluetrust.cartomobile-config,[Gaige_Paulsen]
,vnd.cluetrust.cartomobile-config-pkg,application/vnd.cluetrust.cartomobile-config-pkg,[Gaige_Paulsen]
,vnd.coffeescript,application/vnd.coffeescript,[Devyn_Collier_Johnson]
,vnd.collabio.xodocuments.document,application/vnd.collabio.xodocuments.document,[Alexey_Meandrov]
,vnd.collabio.xodocuments.document-template,application/vnd.collabio.xodocuments.document-template,[Alexey_Meandrov]
,vnd.collabio.xodocuments.presentation,application/vnd.collabio.xodocuments.presentation,[Alexey_Meandrov]
,vnd.collabio.xodocuments.presentation-template,application/vnd.collabio.xodocuments.presentation-template,[Alexey_Meandrov]
,vnd.collabio.xodocuments.spreadsheet,application/vnd.collabio.xodocuments.spreadsheet,[Alexey_Meandrov]
,vnd.collabio.xodocuments.spreadsheet-template,application/vnd.collabio.xodocuments.spreadsheet-template,[Alexey_Meandrov]
,vnd.collection.doc+json,application/vnd.collection.doc+json,[Irakli_Nadareishvili]
,vnd.collection+json,application/vnd.collection+json,[Mike_Amundsen]
,vnd.collection.next+json,application/vnd.collection.next+json,[Ioseb_Dzmanashvili]
,vnd.comicbook-rar,application/vnd.comicbook-rar,[Kim_Scarborough]
,vnd.comicbook+zip,application/vnd.comicbook+zip,[Kim_Scarborough]
,vnd.commerce-battelle,application/vnd.commerce-battelle,[David_Applebaum]
,vnd.commonspace,application/vnd.commonspace,[Ravinder_Chandhok]
,vnd.coreos.ignition+json,application/vnd.coreos.ignition+json,[Alex_Crawford]
,vnd.cosmocaller,application/vnd.cosmocaller,[Steve_Dellutri]
,vnd.contact.cmsg,application/vnd.contact.cmsg,[Frank_Patz]
,vnd.crick.clicker,application/vnd.crick.clicker,[Andrew_Burt]
,vnd.crick.clicker.keyboard,application/vnd.crick.clicker.keyboard,[Andrew_Burt]
,vnd.crick.clicker.palette,application/vnd.crick.clicker.palette,[Andrew_Burt]
,vnd.crick.clicker.template,application/vnd.crick.clicker.template,[Andrew_Burt]
,vnd.crick.clicker.wordbank,application/vnd.crick.clicker.wordbank,[Andrew_Burt]
,vnd.criticaltools.wbs+xml,application/vnd.criticaltools.wbs+xml,[Jim_Spiller]
,vnd.cryptii.pipe+json,application/vnd.cryptii.pipe+json,[Fränz_Friederes]
,vnd.crypto-shade-file,application/vnd.crypto-shade-file,[Connor_Horman]
,vnd.ctc-posml,application/vnd.ctc-posml,[Bayard_Kohlhepp]
,vnd.ctct.ws+xml,application/vnd.ctct.ws+xml,[Jim_Ancona]
,vnd.cups-pdf,application/vnd.cups-pdf,[Michael_Sweet]
,vnd.cups-postscript,application/vnd.cups-postscript,[Michael_Sweet]
,vnd.cups-ppd,application/vnd.cups-ppd,[Michael_Sweet]
,vnd.cups-raster,application/vnd.cups-raster,[Michael_Sweet]
,vnd.cups-raw,application/vnd.cups-raw,[Michael_Sweet]
,vnd.curl,application/vnd.curl,[Robert_Byrnes]
,vnd.cyan.dean.root+xml,application/vnd.cyan.dean.root+xml,[Matt_Kern]
,vnd.cybank,application/vnd.cybank,[Nor_Helmee]
,vnd.d2l.coursepackage1p0+zip,application/vnd.d2l.coursepackage1p0+zip,[Viktor_Haag]
,vnd.dart,application/vnd.dart,[Anders_Sandholm]
,vnd.data-vision.rdz,application/vnd.data-vision.rdz,[James_Fields]
,vnd.datapackage+json,application/vnd.datapackage+json,[Paul_Walsh]
,vnd.dataresource+json,application/vnd.dataresource+json,[Paul_Walsh]
,vnd.debian.binary-package,application/vnd.debian.binary-package,[Charles_Plessy]
,vnd.dece.data,application/vnd.dece.data,[Michael_A_Dolan]
,vnd.dece.ttml+xml,application/vnd.dece.ttml+xml,[Michael_A_Dolan]
,vnd.dece.unspecified,application/vnd.dece.unspecified,[Michael_A_Dolan]
,vnd.dece.zip,application/vnd.dece.zip,[Michael_A_Dolan]
,vnd.denovo.fcselayout-link,application/vnd.denovo.fcselayout-link,[Michael_Dixon]
,vnd.desmume.movie,application/vnd.desmume.movie,[Henrik_Andersson]
,vnd.dir-bi.plate-dl-nosuffix,application/vnd.dir-bi.plate-dl-nosuffix,[Yamanaka]
,vnd.dm.delegation+xml,application/vnd.dm.delegation+xml,[Axel_Ferrazzini]
,vnd.dna,application/vnd.dna,[Meredith_Searcy]
,vnd.document+json,application/vnd.document+json,[Tom_Christie]
,vnd.dolby.mobile.1,application/vnd.dolby.mobile.1,[Steve_Hattersley]
,vnd.dolby.mobile.2,application/vnd.dolby.mobile.2,[Steve_Hattersley]
,vnd.doremir.scorecloud-binary-document,application/vnd.doremir.scorecloud-binary-document,[Erik_Ronström]
,vnd.dpgraph,application/vnd.dpgraph,[David_Parker]
,vnd.dreamfactory,application/vnd.dreamfactory,[William_C._Appleton]
,vnd.drive+json,application/vnd.drive+json,[Keith_Kester]
,vnd.dtg.local,application/vnd.dtg.local,[Ali_Teffahi]
,vnd.dtg.local.flash,application/vnd.dtg.local.flash,[Ali_Teffahi]
,vnd.dtg.local.html,application/vnd.dtg.local.html,[Ali_Teffahi]
,vnd.dvb.ait,application/vnd.dvb.ait,[Peter_Siebert][Michael_Lagally]
,vnd.dvb.dvbj,application/vnd.dvb.dvbj,[Peter_Siebert][Michael_Lagally]
,vnd.dvb.esgcontainer,application/vnd.dvb.esgcontainer,[Joerg_Heuer]
,vnd.dvb.ipdcdftnotifaccess,application/vnd.dvb.ipdcdftnotifaccess,[Roy_Yue]
,vnd.dvb.ipdcesgaccess,application/vnd.dvb.ipdcesgaccess,[Joerg_Heuer]
,vnd.dvb.ipdcesgaccess2,application/vnd.dvb.ipdcesgaccess2,[Jerome_Marcon]
,vnd.dvb.ipdcesgpdd,application/vnd.dvb.ipdcesgpdd,[Jerome_Marcon]
,vnd.dvb.ipdcroaming,application/vnd.dvb.ipdcroaming,[Yiling_Xu]
,vnd.dvb.iptv.alfec-base,application/vnd.dvb.iptv.alfec-base,[Jean-Baptiste_Henry]
,vnd.dvb.iptv.alfec-enhancement,application/vnd.dvb.iptv.alfec-enhancement,[Jean-Baptiste_Henry]
,vnd.dvb.notif-aggregate-root+xml,application/vnd.dvb.notif-aggregate-root+xml,[Roy_Yue]
,vnd.dvb.notif-container+xml,application/vnd.dvb.notif-container+xml,[Roy_Yue]
,vnd.dvb.notif-generic+xml,application/vnd.dvb.notif-generic+xml,[Roy_Yue]
,vnd.dvb.notif-ia-msglist+xml,application/vnd.dvb.notif-ia-msglist+xml,[Roy_Yue]
,vnd.dvb.notif-ia-registration-request+xml,application/vnd.dvb.notif-ia-registration-request+xml,[Roy_Yue]
,vnd.dvb.notif-ia-registration-response+xml,application/vnd.dvb.notif-ia-registration-response+xml,[Roy_Yue]
,vnd.dvb.notif-init+xml,application/vnd.dvb.notif-init+xml,[Roy_Yue]
,vnd.dvb.pfr,application/vnd.dvb.pfr,[Peter_Siebert][Michael_Lagally]
,vnd.dvb.service,application/vnd.dvb.service,[Peter_Siebert][Michael_Lagally]
,vnd.dxr,application/vnd.dxr,[Michael_Duffy]
,vnd.dynageo,application/vnd.dynageo,[Roland_Mechling]
,vnd.dzr,application/vnd.dzr,[Carl_Anderson]
,vnd.easykaraoke.cdgdownload,application/vnd.easykaraoke.cdgdownload,[Iain_Downs]
,vnd.ecip.rlp,application/vnd.ecip.rlp,[Wei_Tang]
,vnd.ecdis-update,application/vnd.ecdis-update,[Gert_Buettgenbach]
,vnd.ecowin.chart,application/vnd.ecowin.chart,[Thomas_Olsson]
,vnd.ecowin.filerequest,application/vnd.ecowin.filerequest,[Thomas_Olsson]
,vnd.ecowin.fileupdate,application/vnd.ecowin.fileupdate,[Thomas_Olsson]
,vnd.ecowin.series,application/vnd.ecowin.series,[Thomas_Olsson]
,vnd.ecowin.seriesrequest,application/vnd.ecowin.seriesrequest,[Thomas_Olsson]
,vnd.ecowin.seriesupdate,application/vnd.ecowin.seriesupdate,[Thomas_Olsson]
,vnd.efi.img,application/vnd.efi.img,[UEFI_Forum][Fu_Siyuan]
,vnd.efi.iso,application/vnd.efi.iso,[UEFI_Forum][Fu_Siyuan]
,vnd.emclient.accessrequest+xml,application/vnd.emclient.accessrequest+xml,[Filip_Navara]
,vnd.enliven,application/vnd.enliven,[Paul_Santinelli_Jr.]
,vnd.enphase.envoy,application/vnd.enphase.envoy,[Chris_Eich]
,vnd.eprints.data+xml,application/vnd.eprints.data+xml,[Tim_Brody]
,vnd.epson.esf,application/vnd.epson.esf,[Shoji_Hoshina]
,vnd.epson.msf,application/vnd.epson.msf,[Shoji_Hoshina]
,vnd.epson.quickanime,application/vnd.epson.quickanime,[Yu_Gu]
,vnd.epson.salt,application/vnd.epson.salt,[Yasuhito_Nagatomo]
,vnd.epson.ssf,application/vnd.epson.ssf,[Shoji_Hoshina]
,vnd.ericsson.quickcall,application/vnd.ericsson.quickcall,[Paul_Tidwell]
,vnd.espass-espass+zip,application/vnd.espass-espass+zip,[Marcus_Ligi_Büschleb]
,vnd.eszigno3+xml,application/vnd.eszigno3+xml,[Szilveszter_Tóth]
,vnd.etsi.aoc+xml,application/vnd.etsi.aoc+xml,[Shicheng_Hu]
,vnd.etsi.asic-s+zip,application/vnd.etsi.asic-s+zip,[Miguel_Angel_Reina_Ortega]
,vnd.etsi.asic-e+zip,application/vnd.etsi.asic-e+zip,[Miguel_Angel_Reina_Ortega]
,vnd.etsi.cug+xml,application/vnd.etsi.cug+xml,[Shicheng_Hu]
,vnd.etsi.iptvcommand+xml,application/vnd.etsi.iptvcommand+xml,[Shicheng_Hu]
,vnd.etsi.iptvdiscovery+xml,application/vnd.etsi.iptvdiscovery+xml,[Shicheng_Hu]
,vnd.etsi.iptvprofile+xml,application/vnd.etsi.iptvprofile+xml,[Shicheng_Hu]
,vnd.etsi.iptvsad-bc+xml,application/vnd.etsi.iptvsad-bc+xml,[Shicheng_Hu]
,vnd.etsi.iptvsad-cod+xml,application/vnd.etsi.iptvsad-cod+xml,[Shicheng_Hu]
,vnd.etsi.iptvsad-npvr+xml,application/vnd.etsi.iptvsad-npvr+xml,[Shicheng_Hu]
,vnd.etsi.iptvservice+xml,application/vnd.etsi.iptvservice+xml,[Miguel_Angel_Reina_Ortega]
,vnd.etsi.iptvsync+xml,application/vnd.etsi.iptvsync+xml,[Miguel_Angel_Reina_Ortega]
,vnd.etsi.iptvueprofile+xml,application/vnd.etsi.iptvueprofile+xml,[Shicheng_Hu]
,vnd.etsi.mcid+xml,application/vnd.etsi.mcid+xml,[Shicheng_Hu]
,vnd.etsi.mheg5,application/vnd.etsi.mheg5,[Miguel_Angel_Reina_Ortega][Ian_Medland]
,vnd.etsi.overload-control-policy-dataset+xml,application/vnd.etsi.overload-control-policy-dataset+xml,[Miguel_Angel_Reina_Ortega]
,vnd.etsi.pstn+xml,application/vnd.etsi.pstn+xml,[Jiwan_Han][Thomas_Belling]
,vnd.etsi.sci+xml,application/vnd.etsi.sci+xml,[Shicheng_Hu]
,vnd.etsi.simservs+xml,application/vnd.etsi.simservs+xml,[Shicheng_Hu]
,vnd.etsi.timestamp-token,application/vnd.etsi.timestamp-token,[Miguel_Angel_Reina_Ortega]
,vnd.etsi.tsl+xml,application/vnd.etsi.tsl+xml,[Shicheng_Hu]
,vnd.etsi.tsl.der,application/vnd.etsi.tsl.der,[Shicheng_Hu]
,vnd.evolv.ecig.profile,application/vnd.evolv.ecig.profile,[James_Bellinger]
,vnd.evolv.ecig.settings,application/vnd.evolv.ecig.settings,[James_Bellinger]
,vnd.evolv.ecig.theme,application/vnd.evolv.ecig.theme,[James_Bellinger]
,vnd.eudora.data,application/vnd.eudora.data,[Pete_Resnick]
,vnd.exstream-empower+zip,application/vnd.exstream-empower+zip,[Bill_Kidwell]
,vnd.exstream-package,application/vnd.exstream-package,[Bill_Kidwell]
,vnd.ezpix-album,application/vnd.ezpix-album,[ElectronicZombieCorp]
,vnd.ezpix-package,application/vnd.ezpix-package,[ElectronicZombieCorp]
,vnd.f-secure.mobile,application/vnd.f-secure.mobile,[Samu_Sarivaara]
,vnd.fastcopy-disk-image,application/vnd.fastcopy-disk-image,[Thomas_Huth]
,vnd.fdf,application/vnd.fdf,[Steve_Zilles]
,vnd.fdsn.mseed,application/vnd.fdsn.mseed,[Chad_Trabant]
,vnd.fdsn.seed,application/vnd.fdsn.seed,[Chad_Trabant]
,vnd.ffsns,application/vnd.ffsns,[Holstage]
,vnd.filmit.zfc,application/vnd.filmit.zfc,[Harms_Moeller]
,vnd.fints,application/vnd.fints,[Ingo_Hammann]
,vnd.firemonkeys.cloudcell,application/vnd.firemonkeys.cloudcell,[Alex_Dubov]
,vnd.FloGraphIt,application/vnd.FloGraphIt,[Dick_Floersch]
,vnd.fluxtime.clip,application/vnd.fluxtime.clip,[Marc_Winter]
,vnd.font-fontforge-sfd,application/vnd.font-fontforge-sfd,[George_Williams]
,vnd.framemaker,application/vnd.framemaker,[Mike_Wexler]
,vnd.frogans.fnc,application/vnd.frogans.fnc,[Alexis_Tamas]
,vnd.frogans.ltf,application/vnd.frogans.ltf,[Alexis_Tamas]
,vnd.fsc.weblaunch,application/vnd.fsc.weblaunch,[Derek_Smith]
,vnd.fujitsu.oasys,application/vnd.fujitsu.oasys,[Nobukazu_Togashi]
,vnd.fujitsu.oasys2,application/vnd.fujitsu.oasys2,[Nobukazu_Togashi]
,vnd.fujitsu.oasys3,application/vnd.fujitsu.oasys3,[Seiji_Okudaira]
,vnd.fujitsu.oasysgp,application/vnd.fujitsu.oasysgp,[Masahiko_Sugimoto]
,vnd.fujitsu.oasysprs,application/vnd.fujitsu.oasysprs,[Masumi_Ogita]
,vnd.fujixerox.ART4,application/vnd.fujixerox.ART4,[Fumio_Tanabe]
,vnd.fujixerox.ART-EX,application/vnd.fujixerox.ART-EX,[Fumio_Tanabe]
,vnd.fujixerox.ddd,application/vnd.fujixerox.ddd,[Masanori_Onda]
,vnd.fujixerox.docuworks,application/vnd.fujixerox.docuworks,[Yasuo_Taguchi]
,vnd.fujixerox.docuworks.binder,application/vnd.fujixerox.docuworks.binder,[Takashi_Matsumoto]
,vnd.fujixerox.docuworks.container,application/vnd.fujixerox.docuworks.container,[Kiyoshi_Tashiro]
,vnd.fujixerox.HBPL,application/vnd.fujixerox.HBPL,[Fumio_Tanabe]
,vnd.fut-misnet,application/vnd.fut-misnet,[Jann_Pruulman]
,vnd.futoin+cbor,application/vnd.futoin+cbor,[Andrey_Galkin]
,vnd.futoin+json,application/vnd.futoin+json,[Andrey_Galkin]
,vnd.fuzzysheet,application/vnd.fuzzysheet,[Simon_Birtwistle]
,vnd.genomatix.tuxedo,application/vnd.genomatix.tuxedo,[Torben_Frey]
,vnd.geo+json (OBSOLETED by [RFC7946] in favor of application/geo+json),application/vnd.geo+json,[Sean_Gillies]
,vnd.geocube+xml - OBSOLETED by request,application/vnd.geocube+xml,[Francois_Pirsch]
,vnd.geogebra.file,application/vnd.geogebra.file,[GeoGebra][Yves_Kreis]
,vnd.geogebra.tool,application/vnd.geogebra.tool,[GeoGebra][Yves_Kreis]
,vnd.geometry-explorer,application/vnd.geometry-explorer,[Michael_Hvidsten]
,vnd.geonext,application/vnd.geonext,[Matthias_Ehmann]
,vnd.geoplan,application/vnd.geoplan,[Christian_Mercat]
,vnd.geospace,application/vnd.geospace,[Christian_Mercat]
,vnd.gerber,application/vnd.gerber,[Thomas_Weyn]
,vnd.globalplatform.card-content-mgt,application/vnd.globalplatform.card-content-mgt,[Gil_Bernabeu]
,vnd.globalplatform.card-content-mgt-response,application/vnd.globalplatform.card-content-mgt-response,[Gil_Bernabeu]
,vnd.gmx - DEPRECATED,application/vnd.gmx,[Christian_V._Sciberras]
,vnd.google-earth.kml+xml,application/vnd.google-earth.kml+xml,[Michael_Ashbridge]
,vnd.google-earth.kmz,application/vnd.google-earth.kmz,[Michael_Ashbridge]
,vnd.gov.sk.e-form+xml,application/vnd.gov.sk.e-form+xml,[Peter_Biro][Stefan_Szilva]
,vnd.gov.sk.e-form+zip,application/vnd.gov.sk.e-form+zip,[Peter_Biro][Stefan_Szilva]
,vnd.gov.sk.xmldatacontainer+xml,application/vnd.gov.sk.xmldatacontainer+xml,[Peter_Biro][Stefan_Szilva]
,vnd.grafeq,application/vnd.grafeq,[Jeff_Tupper]
,vnd.gridmp,application/vnd.gridmp,[Jeff_Lawson]
,vnd.groove-account,application/vnd.groove-account,[Todd_Joseph]
,vnd.groove-help,application/vnd.groove-help,[Todd_Joseph]
,vnd.groove-identity-message,application/vnd.groove-identity-message,[Todd_Joseph]
,vnd.groove-injector,application/vnd.groove-injector,[Todd_Joseph]
,vnd.groove-tool-message,application/vnd.groove-tool-message,[Todd_Joseph]
,vnd.groove-tool-template,application/vnd.groove-tool-template,[Todd_Joseph]
,vnd.groove-vcard,application/vnd.groove-vcard,[Todd_Joseph]
,vnd.hal+json,application/vnd.hal+json,[Mike_Kelly]
,vnd.hal+xml,application/vnd.hal+xml,[Mike_Kelly]
,vnd.HandHeld-Entertainment+xml,application/vnd.HandHeld-Entertainment+xml,[Eric_Hamilton]
,vnd.hbci,application/vnd.hbci,[Ingo_Hammann]
,vnd.hc+json,application/vnd.hc+json,[Jan_Schütze]
,vnd.hcl-bireports,application/vnd.hcl-bireports,[Doug_R._Serres]
,vnd.hdt,application/vnd.hdt,[Javier_D._Fernández]
,vnd.heroku+json,application/vnd.heroku+json,[Wesley_Beary]
,vnd.hhe.lesson-player,application/vnd.hhe.lesson-player,[Randy_Jones]
,vnd.hp-HPGL,application/vnd.hp-HPGL,[Bob_Pentecost]
,vnd.hp-hpid,application/vnd.hp-hpid,[Aloke_Gupta]
,vnd.hp-hps,application/vnd.hp-hps,[Steve_Aubrey]
,vnd.hp-jlyt,application/vnd.hp-jlyt,[Amir_Gaash]
,vnd.hp-PCL,application/vnd.hp-PCL,[Bob_Pentecost]
,vnd.hp-PCLXL,application/vnd.hp-PCLXL,[Bob_Pentecost]
,vnd.httphone,application/vnd.httphone,[Franck_Lefevre]
,vnd.hydrostatix.sof-data,application/vnd.hydrostatix.sof-data,[Allen_Gillam]
,vnd.hyper-item+json,application/vnd.hyper-item+json,[Mario_Demuth]
,vnd.hyper+json,application/vnd.hyper+json,[Irakli_Nadareishvili]
,vnd.hyperdrive+json,application/vnd.hyperdrive+json,[Daniel_Sims]
,vnd.hzn-3d-crossword,application/vnd.hzn-3d-crossword,[James_Minnis]
,vnd.ibm.afplinedata - OBSOLETED in favor of vnd.afpc.afplinedata,application/vnd.ibm.afplinedata,[Roger_Buis]
,vnd.ibm.electronic-media,application/vnd.ibm.electronic-media,[Bruce_Tantlinger]
,vnd.ibm.MiniPay,application/vnd.ibm.MiniPay,[Amir_Herzberg]
,vnd.ibm.modcap - OBSOLETED in favor of application/vnd.afpc.modca,application/vnd.ibm.modcap,[Reinhard_Hohensee]
,vnd.ibm.rights-management,application/vnd.ibm.rights-management,[Bruce_Tantlinger]
,vnd.ibm.secure-container,application/vnd.ibm.secure-container,[Bruce_Tantlinger]
,vnd.iccprofile,application/vnd.iccprofile,[Phil_Green]
,vnd.ieee.1905,application/vnd.ieee.1905,[Purva_R_Rajkotia]
,vnd.igloader,application/vnd.igloader,[Tim_Fisher]
,vnd.imagemeter.folder+zip,application/vnd.imagemeter.folder+zip,[Dirk_Farin]
,vnd.imagemeter.image+zip,application/vnd.imagemeter.image+zip,[Dirk_Farin]
,vnd.immervision-ivp,application/vnd.immervision-ivp,[Mathieu_Villegas]
,vnd.immervision-ivu,application/vnd.immervision-ivu,[Mathieu_Villegas]
,vnd.ims.imsccv1p1,application/vnd.ims.imsccv1p1,[Lisa_Mattson]
,vnd.ims.imsccv1p2,application/vnd.ims.imsccv1p2,[Lisa_Mattson]
,vnd.ims.imsccv1p3,application/vnd.ims.imsccv1p3,[Lisa_Mattson]
,vnd.ims.lis.v2.result+json,application/vnd.ims.lis.v2.result+json,[Lisa_Mattson]
,vnd.ims.lti.v2.toolconsumerprofile+json,application/vnd.ims.lti.v2.toolconsumerprofile+json,[Lisa_Mattson]
,vnd.ims.lti.v2.toolproxy.id+json,application/vnd.ims.lti.v2.toolproxy.id+json,[Lisa_Mattson]
,vnd.ims.lti.v2.toolproxy+json,application/vnd.ims.lti.v2.toolproxy+json,[Lisa_Mattson]
,vnd.ims.lti.v2.toolsettings+json,application/vnd.ims.lti.v2.toolsettings+json,[Lisa_Mattson]
,vnd.ims.lti.v2.toolsettings.simple+json,application/vnd.ims.lti.v2.toolsettings.simple+json,[Lisa_Mattson]
,vnd.informedcontrol.rms+xml,application/vnd.informedcontrol.rms+xml,[Mark_Wahl]
,vnd.infotech.project,application/vnd.infotech.project,[Charles_Engelke]
,vnd.infotech.project+xml,application/vnd.infotech.project+xml,[Charles_Engelke]
,vnd.informix-visionary - OBSOLETED in favor of application/vnd.visionary,application/vnd.informix-visionary,[Christopher_Gales]
,vnd.innopath.wamp.notification,application/vnd.innopath.wamp.notification,[Takanori_Sudo]
,vnd.insors.igm,application/vnd.insors.igm,[Jon_Swanson]
,vnd.intercon.formnet,application/vnd.intercon.formnet,[Tom_Gurak]
,vnd.intergeo,application/vnd.intergeo,[Yves_Kreis_2]
,vnd.intertrust.digibox,application/vnd.intertrust.digibox,[Luke_Tomasello]
,vnd.intertrust.nncp,application/vnd.intertrust.nncp,[Luke_Tomasello]
,vnd.intu.qbo,application/vnd.intu.qbo,[Greg_Scratchley]
,vnd.intu.qfx,application/vnd.intu.qfx,[Greg_Scratchley]
,vnd.iptc.g2.catalogitem+xml,application/vnd.iptc.g2.catalogitem+xml,[Michael_Steidl]
,vnd.iptc.g2.conceptitem+xml,application/vnd.iptc.g2.conceptitem+xml,[Michael_Steidl]
,vnd.iptc.g2.knowledgeitem+xml,application/vnd.iptc.g2.knowledgeitem+xml,[Michael_Steidl]
,vnd.iptc.g2.newsitem+xml,application/vnd.iptc.g2.newsitem+xml,[Michael_Steidl]
,vnd.iptc.g2.newsmessage+xml,application/vnd.iptc.g2.newsmessage+xml,[Michael_Steidl]
,vnd.iptc.g2.packageitem+xml,application/vnd.iptc.g2.packageitem+xml,[Michael_Steidl]
,vnd.iptc.g2.planningitem+xml,application/vnd.iptc.g2.planningitem+xml,[Michael_Steidl]
,vnd.ipunplugged.rcprofile,application/vnd.ipunplugged.rcprofile,[Per_Ersson]
,vnd.irepository.package+xml,application/vnd.irepository.package+xml,[Martin_Knowles]
,vnd.is-xpr,application/vnd.is-xpr,[Satish_Navarajan]
,vnd.isac.fcs,application/vnd.isac.fcs,[Ryan_Brinkman]
,vnd.jam,application/vnd.jam,[Brijesh_Kumar]
,vnd.iso11783-10+zip,application/vnd.iso11783-10+zip,[Frank_Wiebeler]
,vnd.japannet-directory-service,application/vnd.japannet-directory-service,[Kiyofusa_Fujii]
,vnd.japannet-jpnstore-wakeup,application/vnd.japannet-jpnstore-wakeup,[Jun_Yoshitake]
,vnd.japannet-payment-wakeup,application/vnd.japannet-payment-wakeup,[Kiyofusa_Fujii]
,vnd.japannet-registration,application/vnd.japannet-registration,[Jun_Yoshitake]
,vnd.japannet-registration-wakeup,application/vnd.japannet-registration-wakeup,[Kiyofusa_Fujii]
,vnd.japannet-setstore-wakeup,application/vnd.japannet-setstore-wakeup,[Jun_Yoshitake]
,vnd.japannet-verification,application/vnd.japannet-verification,[Jun_Yoshitake]
,vnd.japannet-verification-wakeup,application/vnd.japannet-verification-wakeup,[Kiyofusa_Fujii]
,vnd.jcp.javame.midlet-rms,application/vnd.jcp.javame.midlet-rms,[Mikhail_Gorshenev]
,vnd.jisp,application/vnd.jisp,[Sebastiaan_Deckers]
,vnd.joost.joda-archive,application/vnd.joost.joda-archive,[Joost]
,vnd.jsk.isdn-ngn,application/vnd.jsk.isdn-ngn,[Yokoyama_Kiyonobu]
,vnd.kahootz,application/vnd.kahootz,[Tim_Macdonald]
,vnd.kde.karbon,application/vnd.kde.karbon,[David_Faure]
,vnd.kde.kchart,application/vnd.kde.kchart,[David_Faure]
,vnd.kde.kformula,application/vnd.kde.kformula,[David_Faure]
,vnd.kde.kivio,application/vnd.kde.kivio,[David_Faure]
,vnd.kde.kontour,application/vnd.kde.kontour,[David_Faure]
,vnd.kde.kpresenter,application/vnd.kde.kpresenter,[David_Faure]
,vnd.kde.kspread,application/vnd.kde.kspread,[David_Faure]
,vnd.kde.kword,application/vnd.kde.kword,[David_Faure]
,vnd.kenameaapp,application/vnd.kenameaapp,[Dirk_DiGiorgio-Haag]
,vnd.kidspiration,application/vnd.kidspiration,[Jack_Bennett]
,vnd.Kinar,application/vnd.Kinar,[Hemant_Thakkar]
,vnd.koan,application/vnd.koan,[Pete_Cole]
,vnd.kodak-descriptor,application/vnd.kodak-descriptor,[Michael_J._Donahue]
,vnd.las.las+json,application/vnd.las.las+json,[Rob_Bailey]
,vnd.las.las+xml,application/vnd.las.las+xml,[Rob_Bailey]
,vnd.leap+json,application/vnd.leap+json,[Mark_C_Fralick]
,vnd.liberty-request+xml,application/vnd.liberty-request+xml,[Brett_McDowell]
,vnd.llamagraphics.life-balance.desktop,application/vnd.llamagraphics.life-balance.desktop,[Catherine_E._White]
,vnd.llamagraphics.life-balance.exchange+xml,application/vnd.llamagraphics.life-balance.exchange+xml,[Catherine_E._White]
,vnd.logipipe.circuit+zip,application/vnd.logipipe.circuit+zip,[Victor_Kuchynsky]
,vnd.loom,application/vnd.loom,[Sten_Linnarsson]
,vnd.lotus-1-2-3,application/vnd.lotus-1-2-3,[Paul_Wattenberger]
,vnd.lotus-approach,application/vnd.lotus-approach,[Paul_Wattenberger]
,vnd.lotus-freelance,application/vnd.lotus-freelance,[Paul_Wattenberger]
,vnd.lotus-notes,application/vnd.lotus-notes,[Michael_Laramie]
,vnd.lotus-organizer,application/vnd.lotus-organizer,[Paul_Wattenberger]
,vnd.lotus-screencam,application/vnd.lotus-screencam,[Paul_Wattenberger]
,vnd.lotus-wordpro,application/vnd.lotus-wordpro,[Paul_Wattenberger]
,vnd.macports.portpkg,application/vnd.macports.portpkg,[James_Berry]
,vnd.mapbox-vector-tile,application/vnd.mapbox-vector-tile,[Blake_Thompson]
,vnd.marlin.drm.actiontoken+xml,application/vnd.marlin.drm.actiontoken+xml,[Gary_Ellison]
,vnd.marlin.drm.conftoken+xml,application/vnd.marlin.drm.conftoken+xml,[Gary_Ellison]
,vnd.marlin.drm.license+xml,application/vnd.marlin.drm.license+xml,[Gary_Ellison]
,vnd.marlin.drm.mdcf,application/vnd.marlin.drm.mdcf,[Gary_Ellison]
,vnd.mason+json,application/vnd.mason+json,[Jorn_Wildt]
,vnd.maxmind.maxmind-db,application/vnd.maxmind.maxmind-db,[William_Stevenson]
,vnd.mcd,application/vnd.mcd,[Tadashi_Gotoh]
,vnd.medcalcdata,application/vnd.medcalcdata,[Frank_Schoonjans]
,vnd.mediastation.cdkey,application/vnd.mediastation.cdkey,[Henry_Flurry]
,vnd.meridian-slingshot,application/vnd.meridian-slingshot,[Eric_Wedel]
,vnd.MFER,application/vnd.MFER,[Masaaki_Hirai]
,vnd.mfmp,application/vnd.mfmp,[Yukari_Ikeda]
,vnd.micro+json,application/vnd.micro+json,[Dali_Zheng]
,vnd.micrografx.flo,application/vnd.micrografx.flo,[Joe_Prevo]
,vnd.micrografx.igx,application/vnd.micrografx.igx,[Joe_Prevo]
,vnd.microsoft.portable-executable,application/vnd.microsoft.portable-executable,[Henrik_Andersson]
,vnd.microsoft.windows.thumbnail-cache,application/vnd.microsoft.windows.thumbnail-cache,[Henrik_Andersson]
,vnd.miele+json,application/vnd.miele+json,[Nils_Langhammer]
,vnd.mif,application/vnd.mif,[Mike_Wexler]
,vnd.minisoft-hp3000-save,application/vnd.minisoft-hp3000-save,[Chris_Bartram]
,vnd.mitsubishi.misty-guard.trustweb,application/vnd.mitsubishi.misty-guard.trustweb,[Tanaka]
,vnd.Mobius.DAF,application/vnd.Mobius.DAF,[Allen_K._Kabayama]
,vnd.Mobius.DIS,application/vnd.Mobius.DIS,[Allen_K._Kabayama]
,vnd.Mobius.MBK,application/vnd.Mobius.MBK,[Alex_Devasia]
,vnd.Mobius.MQY,application/vnd.Mobius.MQY,[Alex_Devasia]
,vnd.Mobius.MSL,application/vnd.Mobius.MSL,[Allen_K._Kabayama]
,vnd.Mobius.PLC,application/vnd.Mobius.PLC,[Allen_K._Kabayama]
,vnd.Mobius.TXF,application/vnd.Mobius.TXF,[Allen_K._Kabayama]
,vnd.mophun.application,application/vnd.mophun.application,[Bjorn_Wennerstrom]
,vnd.mophun.certificate,application/vnd.mophun.certificate,[Bjorn_Wennerstrom]
,vnd.motorola.flexsuite,application/vnd.motorola.flexsuite,[Mark_Patton]
,vnd.motorola.flexsuite.adsi,application/vnd.motorola.flexsuite.adsi,[Mark_Patton]
,vnd.motorola.flexsuite.fis,application/vnd.motorola.flexsuite.fis,[Mark_Patton]
,vnd.motorola.flexsuite.gotap,application/vnd.motorola.flexsuite.gotap,[Mark_Patton]
,vnd.motorola.flexsuite.kmr,application/vnd.motorola.flexsuite.kmr,[Mark_Patton]
,vnd.motorola.flexsuite.ttc,application/vnd.motorola.flexsuite.ttc,[Mark_Patton]
,vnd.motorola.flexsuite.wem,application/vnd.motorola.flexsuite.wem,[Mark_Patton]
,vnd.motorola.iprm,application/vnd.motorola.iprm,[Rafie_Shamsaasef]
,vnd.mozilla.xul+xml,application/vnd.mozilla.xul+xml,[Braden_N_McDaniel]
,vnd.ms-artgalry,application/vnd.ms-artgalry,[Dean_Slawson]
,vnd.ms-asf,application/vnd.ms-asf,[Eric_Fleischman]
,vnd.ms-cab-compressed,application/vnd.ms-cab-compressed,[Kim_Scarborough]
,vnd.ms-3mfdocument,application/vnd.ms-3mfdocument,[Shawn_Maloney]
,vnd.ms-excel,application/vnd.ms-excel,[Sukvinder_S._Gill]
,vnd.ms-excel.addin.macroEnabled.12,application/vnd.ms-excel.addin.macroEnabled.12,[Chris_Rae]
,vnd.ms-excel.sheet.binary.macroEnabled.12,application/vnd.ms-excel.sheet.binary.macroEnabled.12,[Chris_Rae]
,vnd.ms-excel.sheet.macroEnabled.12,application/vnd.ms-excel.sheet.macroEnabled.12,[Chris_Rae]
,vnd.ms-excel.template.macroEnabled.12,application/vnd.ms-excel.template.macroEnabled.12,[Chris_Rae]
,vnd.ms-fontobject,application/vnd.ms-fontobject,[Kim_Scarborough]
,vnd.ms-htmlhelp,application/vnd.ms-htmlhelp,[Anatoly_Techtonik]
,vnd.ms-ims,application/vnd.ms-ims,[Eric_Ledoux]
,vnd.ms-lrm,application/vnd.ms-lrm,[Eric_Ledoux]
,vnd.ms-office.activeX+xml,application/vnd.ms-office.activeX+xml,[Chris_Rae]
,vnd.ms-officetheme,application/vnd.ms-officetheme,[Chris_Rae]
,vnd.ms-playready.initiator+xml,application/vnd.ms-playready.initiator+xml,[Daniel_Schneider]
,vnd.ms-powerpoint,application/vnd.ms-powerpoint,[Sukvinder_S._Gill]
,vnd.ms-powerpoint.addin.macroEnabled.12,application/vnd.ms-powerpoint.addin.macroEnabled.12,[Chris_Rae]
,vnd.ms-powerpoint.presentation.macroEnabled.12,application/vnd.ms-powerpoint.presentation.macroEnabled.12,[Chris_Rae]
,vnd.ms-powerpoint.slide.macroEnabled.12,application/vnd.ms-powerpoint.slide.macroEnabled.12,[Chris_Rae]
,vnd.ms-powerpoint.slideshow.macroEnabled.12,application/vnd.ms-powerpoint.slideshow.macroEnabled.12,[Chris_Rae]
,vnd.ms-powerpoint.template.macroEnabled.12,application/vnd.ms-powerpoint.template.macroEnabled.12,[Chris_Rae]
,vnd.ms-PrintDeviceCapabilities+xml,application/vnd.ms-PrintDeviceCapabilities+xml,[Justin_Hutchings]
,vnd.ms-PrintSchemaTicket+xml,application/vnd.ms-PrintSchemaTicket+xml,[Justin_Hutchings]
,vnd.ms-project,application/vnd.ms-project,[Sukvinder_S._Gill]
,vnd.ms-tnef,application/vnd.ms-tnef,[Sukvinder_S._Gill]
,vnd.ms-windows.devicepairing,application/vnd.ms-windows.devicepairing,[Justin_Hutchings]
,vnd.ms-windows.nwprinting.oob,application/vnd.ms-windows.nwprinting.oob,[Justin_Hutchings]
,vnd.ms-windows.printerpairing,application/vnd.ms-windows.printerpairing,[Justin_Hutchings]
,vnd.ms-windows.wsd.oob,application/vnd.ms-windows.wsd.oob,[Justin_Hutchings]
,vnd.ms-wmdrm.lic-chlg-req,application/vnd.ms-wmdrm.lic-chlg-req,[Kevin_Lau]
,vnd.ms-wmdrm.lic-resp,application/vnd.ms-wmdrm.lic-resp,[Kevin_Lau]
,vnd.ms-wmdrm.meter-chlg-req,application/vnd.ms-wmdrm.meter-chlg-req,[Kevin_Lau]
,vnd.ms-wmdrm.meter-resp,application/vnd.ms-wmdrm.meter-resp,[Kevin_Lau]
,vnd.ms-word.document.macroEnabled.12,application/vnd.ms-word.document.macroEnabled.12,[Chris_Rae]
,vnd.ms-word.template.macroEnabled.12,application/vnd.ms-word.template.macroEnabled.12,[Chris_Rae]
,vnd.ms-works,application/vnd.ms-works,[Sukvinder_S._Gill]
,vnd.ms-wpl,application/vnd.ms-wpl,[Dan_Plastina]
,vnd.ms-xpsdocument,application/vnd.ms-xpsdocument,[Jesse_McGatha]
,vnd.msa-disk-image,application/vnd.msa-disk-image,[Thomas_Huth]
,vnd.mseq,application/vnd.mseq,[Gwenael_Le_Bodic]
,vnd.msign,application/vnd.msign,[Malte_Borcherding]
,vnd.multiad.creator,application/vnd.multiad.creator,[Steve_Mills]
,vnd.multiad.creator.cif,application/vnd.multiad.creator.cif,[Steve_Mills]
,vnd.musician,application/vnd.musician,[Greg_Adams]
,vnd.music-niff,application/vnd.music-niff,[Tim_Butler]
,vnd.muvee.style,application/vnd.muvee.style,[Chandrashekhara_Anantharamu]
,vnd.mynfc,application/vnd.mynfc,[Franck_Lefevre]
,vnd.ncd.control,application/vnd.ncd.control,[Lauri_Tarkkala]
,vnd.ncd.reference,application/vnd.ncd.reference,[Lauri_Tarkkala]
,vnd.nearst.inv+json,application/vnd.nearst.inv+json,[Thomas_Schoffelen]
,vnd.nervana,application/vnd.nervana,[Steve_Judkins]
,vnd.netfpx,application/vnd.netfpx,[Andy_Mutz]
,vnd.neurolanguage.nlu,application/vnd.neurolanguage.nlu,[Dan_DuFeu]
,vnd.nimn,application/vnd.nimn,[Amit_Kumar_Gupta]
,vnd.nintendo.snes.rom,application/vnd.nintendo.snes.rom,[Henrik_Andersson]
,vnd.nintendo.nitro.rom,application/vnd.nintendo.nitro.rom,[Henrik_Andersson]
,vnd.nitf,application/vnd.nitf,[Steve_Rogan]
,vnd.noblenet-directory,application/vnd.noblenet-directory,[Monty_Solomon]
,vnd.noblenet-sealer,application/vnd.noblenet-sealer,[Monty_Solomon]
,vnd.noblenet-web,application/vnd.noblenet-web,[Monty_Solomon]
,vnd.nokia.catalogs,application/vnd.nokia.catalogs,[Nokia]
,vnd.nokia.conml+wbxml,application/vnd.nokia.conml+wbxml,[Nokia]
,vnd.nokia.conml+xml,application/vnd.nokia.conml+xml,[Nokia]
,vnd.nokia.iptv.config+xml,application/vnd.nokia.iptv.config+xml,[Nokia]
,vnd.nokia.iSDS-radio-presets,application/vnd.nokia.iSDS-radio-presets,[Nokia]
,vnd.nokia.landmark+wbxml,application/vnd.nokia.landmark+wbxml,[Nokia]
,vnd.nokia.landmark+xml,application/vnd.nokia.landmark+xml,[Nokia]
,vnd.nokia.landmarkcollection+xml,application/vnd.nokia.landmarkcollection+xml,[Nokia]
,vnd.nokia.ncd,application/vnd.nokia.ncd,[Nokia]
,vnd.nokia.n-gage.ac+xml,application/vnd.nokia.n-gage.ac+xml,[Nokia]
,vnd.nokia.n-gage.data,application/vnd.nokia.n-gage.data,[Nokia]
,vnd.nokia.n-gage.symbian.install - OBSOLETE; no replacement given,application/vnd.nokia.n-gage.symbian.install,[Nokia]
,vnd.nokia.pcd+wbxml,application/vnd.nokia.pcd+wbxml,[Nokia]
,vnd.nokia.pcd+xml,application/vnd.nokia.pcd+xml,[Nokia]
,vnd.nokia.radio-preset,application/vnd.nokia.radio-preset,[Nokia]
,vnd.nokia.radio-presets,application/vnd.nokia.radio-presets,[Nokia]
,vnd.novadigm.EDM,application/vnd.novadigm.EDM,[Janine_Swenson]
,vnd.novadigm.EDX,application/vnd.novadigm.EDX,[Janine_Swenson]
,vnd.novadigm.EXT,application/vnd.novadigm.EXT,[Janine_Swenson]
,vnd.ntt-local.content-share,application/vnd.ntt-local.content-share,[Akinori_Taya]
,vnd.ntt-local.file-transfer,application/vnd.ntt-local.file-transfer,[NTT-local]
,vnd.ntt-local.ogw_remote-access,application/vnd.ntt-local.ogw_remote-access,[NTT-local]
,vnd.ntt-local.sip-ta_remote,application/vnd.ntt-local.sip-ta_remote,[NTT-local]
,vnd.ntt-local.sip-ta_tcp_stream,application/vnd.ntt-local.sip-ta_tcp_stream,[NTT-local]
,vnd.oasis.opendocument.chart,application/vnd.oasis.opendocument.chart,[Svante_Schubert][OASIS]
,vnd.oasis.opendocument.chart-template,application/vnd.oasis.opendocument.chart-template,[Svante_Schubert][OASIS]
,vnd.oasis.opendocument.database,application/vnd.oasis.opendocument.database,[Svante_Schubert][OASIS]
,vnd.oasis.opendocument.formula,application/vnd.oasis.opendocument.formula,[Svante_Schubert][OASIS]
,vnd.oasis.opendocument.formula-template,application/vnd.oasis.opendocument.formula-template,[Svante_Schubert][OASIS]
,vnd.oasis.opendocument.graphics,application/vnd.oasis.opendocument.graphics,[Svante_Schubert][OASIS]
,vnd.oasis.opendocument.graphics-template,application/vnd.oasis.opendocument.graphics-template,[Svante_Schubert][OASIS]
,vnd.oasis.opendocument.image,application/vnd.oasis.opendocument.image,[Svante_Schubert][OASIS]
,vnd.oasis.opendocument.image-template,application/vnd.oasis.opendocument.image-template,[Svante_Schubert][OASIS]
,vnd.oasis.opendocument.presentation,application/vnd.oasis.opendocument.presentation,[Svante_Schubert][OASIS]
,vnd.oasis.opendocument.presentation-template,application/vnd.oasis.opendocument.presentation-template,[Svante_Schubert][OASIS]
,vnd.oasis.opendocument.spreadsheet,application/vnd.oasis.opendocument.spreadsheet,[Svante_Schubert][OASIS]
,vnd.oasis.opendocument.spreadsheet-template,application/vnd.oasis.opendocument.spreadsheet-template,[Svante_Schubert][OASIS]
,vnd.oasis.opendocument.text,application/vnd.oasis.opendocument.text,[Svante_Schubert][OASIS]
,vnd.oasis.opendocument.text-master,application/vnd.oasis.opendocument.text-master,[Svante_Schubert][OASIS]
,vnd.oasis.opendocument.text-template,application/vnd.oasis.opendocument.text-template,[Svante_Schubert][OASIS]
,vnd.oasis.opendocument.text-web,application/vnd.oasis.opendocument.text-web,[Svante_Schubert][OASIS]
,vnd.obn,application/vnd.obn,[Matthias_Hessling]
,vnd.ocf+cbor,application/vnd.ocf+cbor,[Michael_Koster]
,vnd.oftn.l10n+json,application/vnd.oftn.l10n+json,[Eli_Grey]
,vnd.oipf.contentaccessdownload+xml,application/vnd.oipf.contentaccessdownload+xml,[Claire_DEsclercs]
,vnd.oipf.contentaccessstreaming+xml,application/vnd.oipf.contentaccessstreaming+xml,[Claire_DEsclercs]
,vnd.oipf.cspg-hexbinary,application/vnd.oipf.cspg-hexbinary,[Claire_DEsclercs]
,vnd.oipf.dae.svg+xml,application/vnd.oipf.dae.svg+xml,[Claire_DEsclercs]
,vnd.oipf.dae.xhtml+xml,application/vnd.oipf.dae.xhtml+xml,[Claire_DEsclercs]
,vnd.oipf.mippvcontrolmessage+xml,application/vnd.oipf.mippvcontrolmessage+xml,[Claire_DEsclercs]
,vnd.oipf.pae.gem,application/vnd.oipf.pae.gem,[Claire_DEsclercs]
,vnd.oipf.spdiscovery+xml,application/vnd.oipf.spdiscovery+xml,[Claire_DEsclercs]
,vnd.oipf.spdlist+xml,application/vnd.oipf.spdlist+xml,[Claire_DEsclercs]
,vnd.oipf.ueprofile+xml,application/vnd.oipf.ueprofile+xml,[Claire_DEsclercs]
,vnd.oipf.userprofile+xml,application/vnd.oipf.userprofile+xml,[Claire_DEsclercs]
,vnd.olpc-sugar,application/vnd.olpc-sugar,[John_Palmieri]
,vnd.oma.bcast.associated-procedure-parameter+xml,application/vnd.oma.bcast.associated-procedure-parameter+xml,[Uwe_Rauschenbach][Open_Mobile_Naming_Authority]
,vnd.oma.bcast.drm-trigger+xml,application/vnd.oma.bcast.drm-trigger+xml,[Uwe_Rauschenbach][Open_Mobile_Naming_Authority]
,vnd.oma.bcast.imd+xml,application/vnd.oma.bcast.imd+xml,[Uwe_Rauschenbach][Open_Mobile_Naming_Authority]
,vnd.oma.bcast.ltkm,application/vnd.oma.bcast.ltkm,[Uwe_Rauschenbach][Open_Mobile_Naming_Authority]
,vnd.oma.bcast.notification+xml,application/vnd.oma.bcast.notification+xml,[Uwe_Rauschenbach][Open_Mobile_Naming_Authority]
,vnd.oma.bcast.provisioningtrigger,application/vnd.oma.bcast.provisioningtrigger,[Uwe_Rauschenbach][Open_Mobile_Naming_Authority]
,vnd.oma.bcast.sgboot,application/vnd.oma.bcast.sgboot,[Uwe_Rauschenbach][Open_Mobile_Naming_Authority]
,vnd.oma.bcast.sgdd+xml,application/vnd.oma.bcast.sgdd+xml,[Uwe_Rauschenbach][Open_Mobile_Naming_Authority]
,vnd.oma.bcast.sgdu,application/vnd.oma.bcast.sgdu,[Uwe_Rauschenbach][Open_Mobile_Naming_Authority]
,vnd.oma.bcast.simple-symbol-container,application/vnd.oma.bcast.simple-symbol-container,[Uwe_Rauschenbach][Open_Mobile_Naming_Authority]
,vnd.oma.bcast.smartcard-trigger+xml,application/vnd.oma.bcast.smartcard-trigger+xml,[Uwe_Rauschenbach][Open_Mobile_Naming_Authority]
,vnd.oma.bcast.sprov+xml,application/vnd.oma.bcast.sprov+xml,[Uwe_Rauschenbach][Open_Mobile_Naming_Authority]
,vnd.oma.bcast.stkm,application/vnd.oma.bcast.stkm,[Uwe_Rauschenbach][Open_Mobile_Naming_Authority]
,vnd.oma.cab-address-book+xml,application/vnd.oma.cab-address-book+xml,[Hao_Wang][OMA]
,vnd.oma.cab-feature-handler+xml,application/vnd.oma.cab-feature-handler+xml,[Hao_Wang][OMA]
,vnd.oma.cab-pcc+xml,application/vnd.oma.cab-pcc+xml,[Hao_Wang][OMA]
,vnd.oma.cab-subs-invite+xml,application/vnd.oma.cab-subs-invite+xml,[Hao_Wang][OMA]
,vnd.oma.cab-user-prefs+xml,application/vnd.oma.cab-user-prefs+xml,[Hao_Wang][OMA]
,vnd.oma.dcd,application/vnd.oma.dcd,[Avi_Primo][Open_Mobile_Naming_Authority]
,vnd.oma.dcdc,application/vnd.oma.dcdc,[Avi_Primo][Open_Mobile_Naming_Authority]
,vnd.oma.dd2+xml,application/vnd.oma.dd2+xml,[Jun_Sato][Open_Mobile_Alliance_BAC_DLDRM_Working_Group]
,vnd.oma.drm.risd+xml,application/vnd.oma.drm.risd+xml,[Uwe_Rauschenbach][Open_Mobile_Naming_Authority]
,vnd.oma.group-usage-list+xml,application/vnd.oma.group-usage-list+xml,[Sean_Kelley][OMA_Presence_and_Availability_PAG_Working_Group]
,vnd.oma.lwm2m+json,application/vnd.oma.lwm2m+json,[John_Mudge][Open_Mobile_Naming_Authority]
,vnd.oma.lwm2m+tlv,application/vnd.oma.lwm2m+tlv,[John_Mudge][Open_Mobile_Naming_Authority]
,vnd.oma.pal+xml,application/vnd.oma.pal+xml,[Brian_McColgan][Open_Mobile_Naming_Authority]
,vnd.oma.poc.detailed-progress-report+xml,application/vnd.oma.poc.detailed-progress-report+xml,[OMA_Push_to_Talk_over_Cellular_POC_Working_Group]
,vnd.oma.poc.final-report+xml,application/vnd.oma.poc.final-report+xml,[OMA_Push_to_Talk_over_Cellular_POC_Working_Group]
,vnd.oma.poc.groups+xml,application/vnd.oma.poc.groups+xml,[Sean_Kelley][OMA_Push_to_Talk_over_Cellular_POC_Working_Group]
,vnd.oma.poc.invocation-descriptor+xml,application/vnd.oma.poc.invocation-descriptor+xml,[OMA_Push_to_Talk_over_Cellular_POC_Working_Group]
,vnd.oma.poc.optimized-progress-report+xml,application/vnd.oma.poc.optimized-progress-report+xml,[OMA_Push_to_Talk_over_Cellular_POC_Working_Group]
,vnd.oma.push,application/vnd.oma.push,[Bryan_Sullivan][OMA]
,vnd.oma.scidm.messages+xml,application/vnd.oma.scidm.messages+xml,[Wenjun_Zeng][Open_Mobile_Naming_Authority]
,vnd.oma.xcap-directory+xml,application/vnd.oma.xcap-directory+xml,[Sean_Kelley][OMA_Presence_and_Availability_PAG_Working_Group]
,vnd.omads-email+xml,application/vnd.omads-email+xml,[OMA_Data_Synchronization_Working_Group]
,vnd.omads-file+xml,application/vnd.omads-file+xml,[OMA_Data_Synchronization_Working_Group]
,vnd.omads-folder+xml,application/vnd.omads-folder+xml,[OMA_Data_Synchronization_Working_Group]
,vnd.omaloc-supl-init,application/vnd.omaloc-supl-init,[Julien_Grange]
,vnd.oma-scws-config,application/vnd.oma-scws-config,[Ilan_Mahalal]
,vnd.oma-scws-http-request,application/vnd.oma-scws-http-request,[Ilan_Mahalal]
,vnd.oma-scws-http-response,application/vnd.oma-scws-http-response,[Ilan_Mahalal]
,vnd.onepager,application/vnd.onepager,[Nathan_Black]
,vnd.onepagertamp,application/vnd.onepagertamp,[Nathan_Black]
,vnd.onepagertamx,application/vnd.onepagertamx,[Nathan_Black]
,vnd.onepagertat,application/vnd.onepagertat,[Nathan_Black]
,vnd.onepagertatp,application/vnd.onepagertatp,[Nathan_Black]
,vnd.onepagertatx,application/vnd.onepagertatx,[Nathan_Black]
,vnd.openblox.game-binary,application/vnd.openblox.game-binary,[Mark_Otaris]
,vnd.openblox.game+xml,application/vnd.openblox.game+xml,[Mark_Otaris]
,vnd.openeye.oeb,application/vnd.openeye.oeb,[Craig_Bruce]
,vnd.openstreetmap.data+xml,application/vnd.openstreetmap.data+xml,[Paul_Norman]
,vnd.openxmlformats-officedocument.custom-properties+xml,application/vnd.openxmlformats-officedocument.custom-properties+xml,[Makoto_Murata]
,vnd.openxmlformats-officedocument.customXmlProperties+xml,application/vnd.openxmlformats-officedocument.customXmlProperties+xml,[Makoto_Murata]
,vnd.openxmlformats-officedocument.drawing+xml,application/vnd.openxmlformats-officedocument.drawing+xml,[Makoto_Murata]
,vnd.openxmlformats-officedocument.drawingml.chart+xml,application/vnd.openxmlformats-officedocument.drawingml.chart+xml,[Makoto_Murata]
,vnd.openxmlformats-officedocument.drawingml.chartshapes+xml,application/vnd.openxmlformats-officedocument.drawingml.chartshapes+xml,[Makoto_Murata]
,vnd.openxmlformats-officedocument.drawingml.diagramColors+xml,application/vnd.openxmlformats-officedocument.drawingml.diagramColors+xml,[Makoto_Murata]
,vnd.openxmlformats-officedocument.drawingml.diagramData+xml,application/vnd.openxmlformats-officedocument.drawingml.diagramData+xml,[Makoto_Murata]
,vnd.openxmlformats-officedocument.drawingml.diagramLayout+xml,application/vnd.openxmlformats-officedocument.drawingml.diagramLayout+xml,[Makoto_Murata]
,vnd.openxmlformats-officedocument.drawingml.diagramStyle+xml,application/vnd.openxmlformats-officedocument.drawingml.diagramStyle+xml,[Makoto_Murata]
,vnd.openxmlformats-officedocument.extended-properties+xml,application/vnd.openxmlformats-officedocument.extended-properties+xml,[Makoto_Murata]
,vnd.openxmlformats-officedocument.presentationml.commentAuthors+xml,application/vnd.openxmlformats-officedocument.presentationml.commentAuthors+xml,[Makoto_Murata]
,vnd.openxmlformats-officedocument.presentationml.comments+xml,application/vnd.openxmlformats-officedocument.presentationml.comments+xml,[Makoto_Murata]
,vnd.openxmlformats-officedocument.presentationml.handoutMaster+xml,application/vnd.openxmlformats-officedocument.presentationml.handoutMaster+xml,[Makoto_Murata]
,vnd.openxmlformats-officedocument.presentationml.notesMaster+xml,application/vnd.openxmlformats-officedocument.presentationml.notesMaster+xml,[Makoto_Murata]
,vnd.openxmlformats-officedocument.presentationml.notesSlide+xml,application/vnd.openxmlformats-officedocument.presentationml.notesSlide+xml,[Makoto_Murata]
,vnd.openxmlformats-officedocument.presentationml.presentation,application/vnd.openxmlformats-officedocument.presentationml.presentation,[Makoto_Murata]
,vnd.openxmlformats-officedocument.presentationml.presentation.main+xml,application/vnd.openxmlformats-officedocument.presentationml.presentation.main+xml,[Makoto_Murata]
,vnd.openxmlformats-officedocument.presentationml.presProps+xml,application/vnd.openxmlformats-officedocument.presentationml.presProps+xml,[Makoto_Murata]
,vnd.openxmlformats-officedocument.presentationml.slide,application/vnd.openxmlformats-officedocument.presentationml.slide,[Makoto_Murata]
,vnd.openxmlformats-officedocument.presentationml.slide+xml,application/vnd.openxmlformats-officedocument.presentationml.slide+xml,[Makoto_Murata]
,vnd.openxmlformats-officedocument.presentationml.slideLayout+xml,application/vnd.openxmlformats-officedocument.presentationml.slideLayout+xml,[Makoto_Murata]
,vnd.openxmlformats-officedocument.presentationml.slideMaster+xml,application/vnd.openxmlformats-officedocument.presentationml.slideMaster+xml,[Makoto_Murata]
,vnd.openxmlformats-officedocument.presentationml.slideshow,application/vnd.openxmlformats-officedocument.presentationml.slideshow,[Makoto_Murata]
,vnd.openxmlformats-officedocument.presentationml.slideshow.main+xml,application/vnd.openxmlformats-officedocument.presentationml.slideshow.main+xml,[Makoto_Murata]
,vnd.openxmlformats-officedocument.presentationml.slideUpdateInfo+xml,application/vnd.openxmlformats-officedocument.presentationml.slideUpdateInfo+xml,[Makoto_Murata]
,vnd.openxmlformats-officedocument.presentationml.tableStyles+xml,application/vnd.openxmlformats-officedocument.presentationml.tableStyles+xml,[Makoto_Murata]
,vnd.openxmlformats-officedocument.presentationml.tags+xml,application/vnd.openxmlformats-officedocument.presentationml.tags+xml,[Makoto_Murata]
,vnd.openxmlformats-officedocument.presentationml.template,application/vnd.openxmlformats-officedocument.presentationml.template,[Makoto_Murata]
,vnd.openxmlformats-officedocument.presentationml.template.main+xml,application/vnd.openxmlformats-officedocument.presentationml.template.main+xml,[Makoto_Murata]
,vnd.openxmlformats-officedocument.presentationml.viewProps+xml,application/vnd.openxmlformats-officedocument.presentationml.viewProps+xml,[Makoto_Murata]
,vnd.openxmlformats-officedocument.spreadsheetml.calcChain+xml,application/vnd.openxmlformats-officedocument.spreadsheetml.calcChain+xml,[Makoto_Murata]
,vnd.openxmlformats-officedocument.spreadsheetml.chartsheet+xml,application/vnd.openxmlformats-officedocument.spreadsheetml.chartsheet+xml,[Makoto_Murata]
,vnd.openxmlformats-officedocument.spreadsheetml.comments+xml,application/vnd.openxmlformats-officedocument.spreadsheetml.comments+xml,[Makoto_Murata]
,vnd.openxmlformats-officedocument.spreadsheetml.connections+xml,application/vnd.openxmlformats-officedocument.spreadsheetml.connections+xml,[Makoto_Murata]
,vnd.openxmlformats-officedocument.spreadsheetml.dialogsheet+xml,application/vnd.openxmlformats-officedocument.spreadsheetml.dialogsheet+xml,[Makoto_Murata]
,vnd.openxmlformats-officedocument.spreadsheetml.externalLink+xml,application/vnd.openxmlformats-officedocument.spreadsheetml.externalLink+xml,[Makoto_Murata]
,vnd.openxmlformats-officedocument.spreadsheetml.pivotCacheDefinition+xml,application/vnd.openxmlformats-officedocument.spreadsheetml.pivotCacheDefinition+xml,[Makoto_Murata]
,vnd.openxmlformats-officedocument.spreadsheetml.pivotCacheRecords+xml,application/vnd.openxmlformats-officedocument.spreadsheetml.pivotCacheRecords+xml,[Makoto_Murata]
,vnd.openxmlformats-officedocument.spreadsheetml.pivotTable+xml,application/vnd.openxmlformats-officedocument.spreadsheetml.pivotTable+xml,[Makoto_Murata]
,vnd.openxmlformats-officedocument.spreadsheetml.queryTable+xml,application/vnd.openxmlformats-officedocument.spreadsheetml.queryTable+xml,[Makoto_Murata]
,vnd.openxmlformats-officedocument.spreadsheetml.revisionHeaders+xml,application/vnd.openxmlformats-officedocument.spreadsheetml.revisionHeaders+xml,[Makoto_Murata]
,vnd.openxmlformats-officedocument.spreadsheetml.revisionLog+xml,application/vnd.openxmlformats-officedocument.spreadsheetml.revisionLog+xml,[Makoto_Murata]
,vnd.openxmlformats-officedocument.spreadsheetml.sharedStrings+xml,application/vnd.openxmlformats-officedocument.spreadsheetml.sharedStrings+xml,[Makoto_Murata]
,vnd.openxmlformats-officedocument.spreadsheetml.sheet,application/vnd.openxmlformats-officedocument.spreadsheetml.sheet,[Makoto_Murata]
,vnd.openxmlformats-officedocument.spreadsheetml.sheet.main+xml,application/vnd.openxmlformats-officedocument.spreadsheetml.sheet.main+xml,[Makoto_Murata]
,vnd.openxmlformats-officedocument.spreadsheetml.sheetMetadata+xml,application/vnd.openxmlformats-officedocument.spreadsheetml.sheetMetadata+xml,[Makoto_Murata]
,vnd.openxmlformats-officedocument.spreadsheetml.styles+xml,application/vnd.openxmlformats-officedocument.spreadsheetml.styles+xml,[Makoto_Murata]
,vnd.openxmlformats-officedocument.spreadsheetml.table+xml,application/vnd.openxmlformats-officedocument.spreadsheetml.table+xml,[Makoto_Murata]
,vnd.openxmlformats-officedocument.spreadsheetml.tableSingleCells+xml,application/vnd.openxmlformats-officedocument.spreadsheetml.tableSingleCells+xml,[Makoto_Murata]
,vnd.openxmlformats-officedocument.spreadsheetml.template,application/vnd.openxmlformats-officedocument.spreadsheetml.template,[Makoto_Murata]
,vnd.openxmlformats-officedocument.spreadsheetml.template.main+xml,application/vnd.openxmlformats-officedocument.spreadsheetml.template.main+xml,[Makoto_Murata]
,vnd.openxmlformats-officedocument.spreadsheetml.userNames+xml,application/vnd.openxmlformats-officedocument.spreadsheetml.userNames+xml,[Makoto_Murata]
,vnd.openxmlformats-officedocument.spreadsheetml.volatileDependencies+xml,application/vnd.openxmlformats-officedocument.spreadsheetml.volatileDependencies+xml,[Makoto_Murata]
,vnd.openxmlformats-officedocument.spreadsheetml.worksheet+xml,application/vnd.openxmlformats-officedocument.spreadsheetml.worksheet+xml,[Makoto_Murata]
,vnd.openxmlformats-officedocument.theme+xml,application/vnd.openxmlformats-officedocument.theme+xml,[Makoto_Murata]
,vnd.openxmlformats-officedocument.themeOverride+xml,application/vnd.openxmlformats-officedocument.themeOverride+xml,[Makoto_Murata]
,vnd.openxmlformats-officedocument.vmlDrawing,application/vnd.openxmlformats-officedocument.vmlDrawing,[Makoto_Murata]
,vnd.openxmlformats-officedocument.wordprocessingml.comments+xml,application/vnd.openxmlformats-officedocument.wordprocessingml.comments+xml,[Makoto_Murata]
,vnd.openxmlformats-officedocument.wordprocessingml.document,application/vnd.openxmlformats-officedocument.wordprocessingml.document,[Makoto_Murata]
,vnd.openxmlformats-officedocument.wordprocessingml.document.glossary+xml,application/vnd.openxmlformats-officedocument.wordprocessingml.document.glossary+xml,[Makoto_Murata]
,vnd.openxmlformats-officedocument.wordprocessingml.document.main+xml,application/vnd.openxmlformats-officedocument.wordprocessingml.document.main+xml,[Makoto_Murata]
,vnd.openxmlformats-officedocument.wordprocessingml.endnotes+xml,application/vnd.openxmlformats-officedocument.wordprocessingml.endnotes+xml,[Makoto_Murata]
,vnd.openxmlformats-officedocument.wordprocessingml.fontTable+xml,application/vnd.openxmlformats-officedocument.wordprocessingml.fontTable+xml,[Makoto_Murata]
,vnd.openxmlformats-officedocument.wordprocessingml.footer+xml,application/vnd.openxmlformats-officedocument.wordprocessingml.footer+xml,[Makoto_Murata]
,vnd.openxmlformats-officedocument.wordprocessingml.footnotes+xml,application/vnd.openxmlformats-officedocument.wordprocessingml.footnotes+xml,[Makoto_Murata]
,vnd.openxmlformats-officedocument.wordprocessingml.numbering+xml,application/vnd.openxmlformats-officedocument.wordprocessingml.numbering+xml,[Makoto_Murata]
,vnd.openxmlformats-officedocument.wordprocessingml.settings+xml,application/vnd.openxmlformats-officedocument.wordprocessingml.settings+xml,[Makoto_Murata]
,vnd.openxmlformats-officedocument.wordprocessingml.styles+xml,application/vnd.openxmlformats-officedocument.wordprocessingml.styles+xml,[Makoto_Murata]
,vnd.openxmlformats-officedocument.wordprocessingml.template,application/vnd.openxmlformats-officedocument.wordprocessingml.template,[Makoto_Murata]
,vnd.openxmlformats-officedocument.wordprocessingml.template.main+xml,application/vnd.openxmlformats-officedocument.wordprocessingml.template.main+xml,[Makoto_Murata]
,vnd.openxmlformats-officedocument.wordprocessingml.webSettings+xml,application/vnd.openxmlformats-officedocument.wordprocessingml.webSettings+xml,[Makoto_Murata]
,vnd.openxmlformats-package.core-properties+xml,application/vnd.openxmlformats-package.core-properties+xml,[Makoto_Murata]
,vnd.openxmlformats-package.digital-signature-xmlsignature+xml,application/vnd.openxmlformats-package.digital-signature-xmlsignature+xml,[Makoto_Murata]
,vnd.openxmlformats-package.relationships+xml,application/vnd.openxmlformats-package.relationships+xml,[Makoto_Murata]
,vnd.oracle.resource+json,application/vnd.oracle.resource+json,[Ning_Dong]
,vnd.orange.indata,application/vnd.orange.indata,[CHATRAS_Bruno]
,vnd.osa.netdeploy,application/vnd.osa.netdeploy,[Steven_Klos]
,vnd.osgeo.mapguide.package,application/vnd.osgeo.mapguide.package,[Jason_Birch]
,vnd.osgi.bundle,application/vnd.osgi.bundle,[Peter_Kriens]
,vnd.osgi.dp,application/vnd.osgi.dp,[Peter_Kriens]
,vnd.osgi.subsystem,application/vnd.osgi.subsystem,[Peter_Kriens]
,vnd.otps.ct-kip+xml,application/vnd.otps.ct-kip+xml,[Magnus_Nystrom]
,vnd.oxli.countgraph,application/vnd.oxli.countgraph,[C._Titus_Brown]
,vnd.pagerduty+json,application/vnd.pagerduty+json,[Steve_Rice]
,vnd.palm,application/vnd.palm,[Gavin_Peacock]
,vnd.panoply,application/vnd.panoply,[Natarajan_Balasundara]
,vnd.paos.xml,application/vnd.paos.xml,[John_Kemp]
,vnd.patentdive,application/vnd.patentdive,[Christian_Trosclair]
,vnd.patientecommsdoc,application/vnd.patientecommsdoc,[Andrew_David_Kendall]
,vnd.pawaafile,application/vnd.pawaafile,[Prakash_Baskaran]
,vnd.pcos,application/vnd.pcos,[Slawomir_Lisznianski]
,vnd.pg.format,application/vnd.pg.format,[April_Gandert]
,vnd.pg.osasli,application/vnd.pg.osasli,[April_Gandert]
,vnd.piaccess.application-licence,application/vnd.piaccess.application-licence,[Lucas_Maneos]
,vnd.picsel,application/vnd.picsel,[Giuseppe_Naccarato]
,vnd.pmi.widget,application/vnd.pmi.widget,[Rhys_Lewis]
,vnd.poc.group-advertisement+xml,application/vnd.poc.group-advertisement+xml,[Sean_Kelley][OMA_Push_to_Talk_over_Cellular_POC_Working_Group]
,vnd.pocketlearn,application/vnd.pocketlearn,[Jorge_Pando]
,vnd.powerbuilder6,application/vnd.powerbuilder6,[David_Guy]
,vnd.powerbuilder6-s,application/vnd.powerbuilder6-s,[David_Guy]
,vnd.powerbuilder7,application/vnd.powerbuilder7,[Reed_Shilts]
,vnd.powerbuilder75,application/vnd.powerbuilder75,[Reed_Shilts]
,vnd.powerbuilder75-s,application/vnd.powerbuilder75-s,[Reed_Shilts]
,vnd.powerbuilder7-s,application/vnd.powerbuilder7-s,[Reed_Shilts]
,vnd.preminet,application/vnd.preminet,[Juoko_Tenhunen]
,vnd.previewsystems.box,application/vnd.previewsystems.box,[Roman_Smolgovsky]
,vnd.proteus.magazine,application/vnd.proteus.magazine,[Pete_Hoch]
,vnd.psfs,application/vnd.psfs,[Kristopher_Durski]
,vnd.publishare-delta-tree,application/vnd.publishare-delta-tree,[Oren_Ben-Kiki]
,vnd.pvi.ptid1,application/vnd.pvi.ptid1,[Charles_P._Lamb]
,vnd.pwg-multiplexed,application/vnd.pwg-multiplexed,[RFC3391]
,vnd.pwg-xhtml-print+xml,application/vnd.pwg-xhtml-print+xml,[Don_Wright]
,vnd.qualcomm.brew-app-res,application/vnd.qualcomm.brew-app-res,[Glenn_Forrester]
,vnd.quarantainenet,application/vnd.quarantainenet,[Casper_Joost_Eyckelhof]
,vnd.Quark.QuarkXPress,application/vnd.Quark.QuarkXPress,[Hannes_Scheidler]
,vnd.quobject-quoxdocument,application/vnd.quobject-quoxdocument,[Matthias_Ludwig]
,vnd.radisys.moml+xml,application/vnd.radisys.moml+xml,[RFC5707]
,vnd.radisys.msml-audit-conf+xml,application/vnd.radisys.msml-audit-conf+xml,[RFC5707]
,vnd.radisys.msml-audit-conn+xml,application/vnd.radisys.msml-audit-conn+xml,[RFC5707]
,vnd.radisys.msml-audit-dialog+xml,application/vnd.radisys.msml-audit-dialog+xml,[RFC5707]
,vnd.radisys.msml-audit-stream+xml,application/vnd.radisys.msml-audit-stream+xml,[RFC5707]
,vnd.radisys.msml-audit+xml,application/vnd.radisys.msml-audit+xml,[RFC5707]
,vnd.radisys.msml-conf+xml,application/vnd.radisys.msml-conf+xml,[RFC5707]
,vnd.radisys.msml-dialog-base+xml,application/vnd.radisys.msml-dialog-base+xml,[RFC5707]
,vnd.radisys.msml-dialog-fax-detect+xml,application/vnd.radisys.msml-dialog-fax-detect+xml,[RFC5707]
,vnd.radisys.msml-dialog-fax-sendrecv+xml,application/vnd.radisys.msml-dialog-fax-sendrecv+xml,[RFC5707]
,vnd.radisys.msml-dialog-group+xml,application/vnd.radisys.msml-dialog-group+xml,[RFC5707]
,vnd.radisys.msml-dialog-speech+xml,application/vnd.radisys.msml-dialog-speech+xml,[RFC5707]
,vnd.radisys.msml-dialog-transform+xml,application/vnd.radisys.msml-dialog-transform+xml,[RFC5707]
,vnd.radisys.msml-dialog+xml,application/vnd.radisys.msml-dialog+xml,[RFC5707]
,vnd.radisys.msml+xml,application/vnd.radisys.msml+xml,[RFC5707]
,vnd.rainstor.data,application/vnd.rainstor.data,[Kevin_Crook]
,vnd.rapid,application/vnd.rapid,[Etay_Szekely]
,vnd.rar,application/vnd.rar,[Kim_Scarborough]
,vnd.realvnc.bed,application/vnd.realvnc.bed,[Nick_Reeves]
,vnd.recordare.musicxml,application/vnd.recordare.musicxml,[W3C_Music_Notation_Community_Group]
,vnd.recordare.musicxml+xml,application/vnd.recordare.musicxml+xml,[W3C_Music_Notation_Community_Group]
,vnd.RenLearn.rlprint,application/vnd.RenLearn.rlprint,[James_Wick]
,vnd.restful+json,application/vnd.restful+json,[Stephen_Mizell]
,vnd.rig.cryptonote,application/vnd.rig.cryptonote,[Ken_Jibiki]
,vnd.route66.link66+xml,application/vnd.route66.link66+xml,[Sybren_Kikstra]
,vnd.rs-274x,application/vnd.rs-274x,[Lee_Harding]
,vnd.ruckus.download,application/vnd.ruckus.download,[Jerry_Harris]
,vnd.s3sms,application/vnd.s3sms,[Lauri_Tarkkala]
,vnd.sailingtracker.track,application/vnd.sailingtracker.track,[Heikki_Vesalainen]
,vnd.sbm.cid,application/vnd.sbm.cid,[Shinji_Kusakari]
,vnd.sbm.mid2,application/vnd.sbm.mid2,[Masanori_Murai]
,vnd.scribus,application/vnd.scribus,[Craig_Bradney]
,vnd.sealed.3df,application/vnd.sealed.3df,[John_Kwan]
,vnd.sealed.csf,application/vnd.sealed.csf,[John_Kwan]
,vnd.sealed.doc,application/vnd.sealed.doc,[David_Petersen]
,vnd.sealed.eml,application/vnd.sealed.eml,[David_Petersen]
,vnd.sealed.mht,application/vnd.sealed.mht,[David_Petersen]
,vnd.sealed.net,application/vnd.sealed.net,[Martin_Lambert]
,vnd.sealed.ppt,application/vnd.sealed.ppt,[David_Petersen]
,vnd.sealed.tiff,application/vnd.sealed.tiff,[John_Kwan][Martin_Lambert]
,vnd.sealed.xls,application/vnd.sealed.xls,[David_Petersen]
,vnd.sealedmedia.softseal.html,application/vnd.sealedmedia.softseal.html,[David_Petersen]
,vnd.sealedmedia.softseal.pdf,application/vnd.sealedmedia.softseal.pdf,[David_Petersen]
,vnd.seemail,application/vnd.seemail,[Steve_Webb]
,vnd.sema,application/vnd.sema,[Anders_Hansson]
,vnd.semd,application/vnd.semd,[Anders_Hansson]
,vnd.semf,application/vnd.semf,[Anders_Hansson]
,vnd.shade-save-file,application/vnd.shade-save-file,[Connor_Horman]
,vnd.shana.informed.formdata,application/vnd.shana.informed.formdata,[Guy_Selzler]
,vnd.shana.informed.formtemplate,application/vnd.shana.informed.formtemplate,[Guy_Selzler]
,vnd.shana.informed.interchange,application/vnd.shana.informed.interchange,[Guy_Selzler]
,vnd.shana.informed.package,application/vnd.shana.informed.package,[Guy_Selzler]
,vnd.shootproof+json,application/vnd.shootproof+json,[Ben_Ramsey]
,vnd.shopkick+json,application/vnd.shopkick+json,[Ronald_Jacobs]
,vnd.sigrok.session,application/vnd.sigrok.session,[Uwe_Hermann]
,vnd.SimTech-MindMapper,application/vnd.SimTech-MindMapper,[Patrick_Koh]
,vnd.siren+json,application/vnd.siren+json,[Kevin_Swiber]
,vnd.smaf,application/vnd.smaf,[Hiroaki_Takahashi]
,vnd.smart.notebook,application/vnd.smart.notebook,[Jonathan_Neitz]
,vnd.smart.teacher,application/vnd.smart.teacher,[Michael_Boyle]
,vnd.software602.filler.form+xml,application/vnd.software602.filler.form+xml,[Jakub_Hytka][Martin_Vondrous]
,vnd.software602.filler.form-xml-zip,application/vnd.software602.filler.form-xml-zip,[Jakub_Hytka][Martin_Vondrous]
,vnd.solent.sdkm+xml,application/vnd.solent.sdkm+xml,[Cliff_Gauntlett]
,vnd.spotfire.dxp,application/vnd.spotfire.dxp,[Stefan_Jernberg]
,vnd.spotfire.sfs,application/vnd.spotfire.sfs,[Stefan_Jernberg]
,vnd.sqlite3,application/vnd.sqlite3,[Clemens_Ladisch]
,vnd.sss-cod,application/vnd.sss-cod,[Asang_Dani]
,vnd.sss-dtf,application/vnd.sss-dtf,[Eric_Bruno]
,vnd.sss-ntf,application/vnd.sss-ntf,[Eric_Bruno]
,vnd.stepmania.package,application/vnd.stepmania.package,[Henrik_Andersson]
,vnd.stepmania.stepchart,application/vnd.stepmania.stepchart,[Henrik_Andersson]
,vnd.street-stream,application/vnd.street-stream,[Glenn_Levitt]
,vnd.sun.wadl+xml,application/vnd.sun.wadl+xml,[Marc_Hadley]
,vnd.sus-calendar,application/vnd.sus-calendar,[Jonathan_Niedfeldt]
,vnd.svd,application/vnd.svd,[Scott_Becker]
,vnd.swiftview-ics,application/vnd.swiftview-ics,[Glenn_Widener]
,vnd.syncml.dm.notification,application/vnd.syncml.dm.notification,[Peter_Thompson][OMA-DM_Work_Group]
,vnd.syncml.dmddf+xml,application/vnd.syncml.dmddf+xml,[OMA-DM_Work_Group]
,vnd.syncml.dmtnds+wbxml,application/vnd.syncml.dmtnds+wbxml,[OMA-DM_Work_Group]
,vnd.syncml.dmtnds+xml,application/vnd.syncml.dmtnds+xml,[OMA-DM_Work_Group]
,vnd.syncml.dmddf+wbxml,application/vnd.syncml.dmddf+wbxml,[OMA-DM_Work_Group]
,vnd.syncml.dm+wbxml,application/vnd.syncml.dm+wbxml,[OMA-DM_Work_Group]
,vnd.syncml.dm+xml,application/vnd.syncml.dm+xml,[Bindu_Rama_Rao][OMA-DM_Work_Group]
,vnd.syncml.ds.notification,application/vnd.syncml.ds.notification,[OMA_Data_Synchronization_Working_Group]
,vnd.syncml+xml,application/vnd.syncml+xml,[OMA_Data_Synchronization_Working_Group]
,vnd.tableschema+json,application/vnd.tableschema+json,[Paul_Walsh]
,vnd.tao.intent-module-archive,application/vnd.tao.intent-module-archive,[Daniel_Shelton]
,vnd.tcpdump.pcap,application/vnd.tcpdump.pcap,[Guy_Harris][Glen_Turner]
,vnd.think-cell.ppttc+json,application/vnd.think-cell.ppttc+json,[Arno_Schoedl]
,vnd.tml,application/vnd.tml,[Joey_Smith]
,vnd.tmd.mediaflex.api+xml,application/vnd.tmd.mediaflex.api+xml,[Alex_Sibilev]
,vnd.tmobile-livetv,application/vnd.tmobile-livetv,[Nicolas_Helin]
,vnd.tri.onesource,application/vnd.tri.onesource,[Rick_Rupp]
,vnd.trid.tpt,application/vnd.trid.tpt,[Frank_Cusack]
,vnd.triscape.mxs,application/vnd.triscape.mxs,[Steven_Simonoff]
,vnd.trueapp,application/vnd.trueapp,[J._Scott_Hepler]
,vnd.truedoc,application/vnd.truedoc,[Brad_Chase]
,vnd.ubisoft.webplayer,application/vnd.ubisoft.webplayer,[Martin_Talbot]
,vnd.ufdl,application/vnd.ufdl,[Dave_Manning]
,vnd.uiq.theme,application/vnd.uiq.theme,[Tim_Ocock]
,vnd.umajin,application/vnd.umajin,[Jamie_Riden]
,vnd.unity,application/vnd.unity,[Unity3d]
,vnd.uoml+xml,application/vnd.uoml+xml,[Arne_Gerdes]
,vnd.uplanet.alert,application/vnd.uplanet.alert,[Bruce_Martin]
,vnd.uplanet.alert-wbxml,application/vnd.uplanet.alert-wbxml,[Bruce_Martin]
,vnd.uplanet.bearer-choice,application/vnd.uplanet.bearer-choice,[Bruce_Martin]
,vnd.uplanet.bearer-choice-wbxml,application/vnd.uplanet.bearer-choice-wbxml,[Bruce_Martin]
,vnd.uplanet.cacheop,application/vnd.uplanet.cacheop,[Bruce_Martin]
,vnd.uplanet.cacheop-wbxml,application/vnd.uplanet.cacheop-wbxml,[Bruce_Martin]
,vnd.uplanet.channel,application/vnd.uplanet.channel,[Bruce_Martin]
,vnd.uplanet.channel-wbxml,application/vnd.uplanet.channel-wbxml,[Bruce_Martin]
,vnd.uplanet.list,application/vnd.uplanet.list,[Bruce_Martin]
,vnd.uplanet.listcmd,application/vnd.uplanet.listcmd,[Bruce_Martin]
,vnd.uplanet.listcmd-wbxml,application/vnd.uplanet.listcmd-wbxml,[Bruce_Martin]
,vnd.uplanet.list-wbxml,application/vnd.uplanet.list-wbxml,[Bruce_Martin]
,vnd.uri-map,application/vnd.uri-map,[Sebastian_Baer]
,vnd.uplanet.signal,application/vnd.uplanet.signal,[Bruce_Martin]
,vnd.valve.source.material,application/vnd.valve.source.material,[Henrik_Andersson]
,vnd.vcx,application/vnd.vcx,[Taisuke_Sugimoto]
,vnd.vd-study,application/vnd.vd-study,[Luc_Rogge]
,vnd.vectorworks,application/vnd.vectorworks,[Lyndsey_Ferguson][Biplab_Sarkar]
,vnd.vel+json,application/vnd.vel+json,[James_Wigger]
,vnd.verimatrix.vcas,application/vnd.verimatrix.vcas,[Petr_Peterka]
,vnd.veryant.thin,application/vnd.veryant.thin,[Massimo_Bertoli]
,vnd.ves.encrypted,application/vnd.ves.encrypted,[Jim_Zubov]
,vnd.vidsoft.vidconference,application/vnd.vidsoft.vidconference,[Robert_Hess]
,vnd.visio,application/vnd.visio,[Troy_Sandal]
,vnd.visionary,application/vnd.visionary,[Gayatri_Aravindakumar]
,vnd.vividence.scriptfile,application/vnd.vividence.scriptfile,[Mark_Risher]
,vnd.vsf,application/vnd.vsf,[Delton_Rowe]
,vnd.wap.sic,application/vnd.wap.sic,[WAP-Forum]
,vnd.wap.slc,application/vnd.wap.slc,[WAP-Forum]
,vnd.wap.wbxml,application/vnd.wap.wbxml,[Peter_Stark]
,vnd.wap.wmlc,application/vnd.wap.wmlc,[Peter_Stark]
,vnd.wap.wmlscriptc,application/vnd.wap.wmlscriptc,[Peter_Stark]
,vnd.webturbo,application/vnd.webturbo,[Yaser_Rehem]
,vnd.wfa.p2p,application/vnd.wfa.p2p,[Mick_Conley]
,vnd.wfa.wsc,application/vnd.wfa.wsc,[Wi-Fi_Alliance]
,vnd.windows.devicepairing,application/vnd.windows.devicepairing,[Priya_Dandawate]
,vnd.wmc,application/vnd.wmc,[Thomas_Kjornes]
,vnd.wmf.bootstrap,application/vnd.wmf.bootstrap,[Thinh_Nguyenphu][Prakash_Iyer]
,vnd.wolfram.mathematica,application/vnd.wolfram.mathematica,[Wolfram]
,vnd.wolfram.mathematica.package,application/vnd.wolfram.mathematica.package,[Wolfram]
,vnd.wolfram.player,application/vnd.wolfram.player,[Wolfram]
,vnd.wordperfect,application/vnd.wordperfect,[Kim_Scarborough]
,vnd.wqd,application/vnd.wqd,[Jan_Bostrom]
,vnd.wrq-hp3000-labelled,application/vnd.wrq-hp3000-labelled,[Chris_Bartram]
,vnd.wt.stf,application/vnd.wt.stf,[Bill_Wohler]
,vnd.wv.csp+xml,application/vnd.wv.csp+xml,[John_Ingi_Ingimundarson]
,vnd.wv.csp+wbxml,application/vnd.wv.csp+wbxml,[Matti_Salmi]
,vnd.wv.ssp+xml,application/vnd.wv.ssp+xml,[John_Ingi_Ingimundarson]
,vnd.xacml+json,application/vnd.xacml+json,[David_Brossard]
,vnd.xara,application/vnd.xara,[David_Matthewman]
,vnd.xfdl,application/vnd.xfdl,[Dave_Manning]
,vnd.xfdl.webform,application/vnd.xfdl.webform,[Michael_Mansell]
,vnd.xmi+xml,application/vnd.xmi+xml,[Fred_Waskiewicz]
,vnd.xmpie.cpkg,application/vnd.xmpie.cpkg,[Reuven_Sherwin]
,vnd.xmpie.dpkg,application/vnd.xmpie.dpkg,[Reuven_Sherwin]
,vnd.xmpie.plan,application/vnd.xmpie.plan,[Reuven_Sherwin]
,vnd.xmpie.ppkg,application/vnd.xmpie.ppkg,[Reuven_Sherwin]
,vnd.xmpie.xlim,application/vnd.xmpie.xlim,[Reuven_Sherwin]
,vnd.yamaha.hv-dic,application/vnd.yamaha.hv-dic,[Tomohiro_Yamamoto]
,vnd.yamaha.hv-script,application/vnd.yamaha.hv-script,[Tomohiro_Yamamoto]
,vnd.yamaha.hv-voice,application/vnd.yamaha.hv-voice,[Tomohiro_Yamamoto]
,vnd.yamaha.openscoreformat.osfpvg+xml,application/vnd.yamaha.openscoreformat.osfpvg+xml,[Mark_Olleson]
,vnd.yamaha.openscoreformat,application/vnd.yamaha.openscoreformat,[Mark_Olleson]
,vnd.yamaha.remote-setup,application/vnd.yamaha.remote-setup,[Takehiro_Sukizaki]
,vnd.yamaha.smaf-audio,application/vnd.yamaha.smaf-audio,[Keiichi_Shinoda]
,vnd.yamaha.smaf-phrase,application/vnd.yamaha.smaf-phrase,[Keiichi_Shinoda]
,vnd.yamaha.through-ngn,application/vnd.yamaha.through-ngn,[Takehiro_Sukizaki]
,vnd.yamaha.tunnel-udpencap,application/vnd.yamaha.tunnel-udpencap,[Takehiro_Sukizaki]
,vnd.yaoweme,application/vnd.yaoweme,[Jens_Jorgensen]
,vnd.yellowriver-custom-menu,application/vnd.yellowriver-custom-menu,[Mr._Yellow]
,vnd.youtube.yt - OBSOLETED in favor of video/vnd.youtube.yt,application/vnd.youtube.yt,[Laura_Wood]
,vnd.zul,application/vnd.zul,[Rene_Grothmann]
,vnd.zzazz.deck+xml,application/vnd.zzazz.deck+xml,[Micheal_Hewett]
,voicexml+xml,application/voicexml+xml,[RFC4267]
,voucher-cms+json,application/voucher-cms+json,[RFC8366]
,vq-rtcpxr,application/vq-rtcpxr,[RFC6035]
,watcherinfo+xml,application/watcherinfo+xml,[RFC3858]
,webpush-options+json,application/webpush-options+json,[RFC8292]
,whoispp-query,application/whoispp-query,[RFC2957]
,whoispp-response,application/whoispp-response,[RFC2958]
,widget,application/widget,[W3C][Steven_Pemberton][W3C-Widgets-2012]
,wita,application/wita,[Larry_Campbell]
,wordperfect5.1,application/wordperfect5.1,[Paul_Lindner]
,wsdl+xml,application/wsdl+xml,[W3C]
,wspolicy+xml,application/wspolicy+xml,[W3C]
,x-www-form-urlencoded,application/x-www-form-urlencoded,[W3C][Robin_Berjon]
,x400-bp,application/x400-bp,[RFC1494]
,xacml+xml,application/xacml+xml,[RFC7061]
,xcap-att+xml,application/xcap-att+xml,[RFC4825]
,xcap-caps+xml,application/xcap-caps+xml,[RFC4825]
,xcap-diff+xml,application/xcap-diff+xml,[RFC5874]
,xcap-el+xml,application/xcap-el+xml,[RFC4825]
,xcap-error+xml,application/xcap-error+xml,[RFC4825]
,xcap-ns+xml,application/xcap-ns+xml,[RFC4825]
,xcon-conference-info-diff+xml,application/xcon-conference-info-diff+xml,[RFC6502]
,xcon-conference-info+xml,application/xcon-conference-info+xml,[RFC6502]
,xenc+xml,application/xenc+xml,[Joseph_Reagle][XENC_Working_Group]
,xhtml+xml,application/xhtml+xml,[W3C][Robin_Berjon]
,xliff+xml,application/xliff+xml,[OASIS][Chet_Ensign]
TEXT_XML|1.0,xml,application/xml,[RFC7303]
,xml-dtd,application/xml-dtd,[RFC7303]
,xml-external-parsed-entity,application/xml-external-parsed-entity,[RFC7303]
,xml-patch+xml,application/xml-patch+xml,[RFC7351]
,xmpp+xml,application/xmpp+xml,[RFC3923]
,xop+xml,application/xop+xml,[Mark_Nottingham]
TEXT_XSLT|1.0,xslt+xml,,[W3C][http://www.w3.org/TR/2007/REC-xslt20-20070123/#media-type-registration]
,xv+xml,application/xv+xml,[RFC4374]
,yang,application/yang,[RFC6020]
,yang-data+json,application/yang-data+json,[RFC8040]
,yang-data+xml,application/yang-data+xml,[RFC8040]
,yang-patch+json,application/yang-patch+json,[RFC8072]
,yang-patch+xml,application/yang-patch+xml,[RFC8072]
,yin+xml,application/yin+xml,[RFC6020]
BINARY_COMPRESSED_ZIP|1,zip,application/zip,[Paul_Lindner]
,zlib,application/zlib,[RFC6713]
,zstd,application/zstd,[RFC8478]
