SourceTypes,Name,Template,Reference
,1d-interleaved-parityfec,text/1d-interleaved-parityfec,[RFC6015]
,cache-manifest,text/cache-manifest,[W3C][Robin_Berjon]
STRING_ICAL_CALENDAR|1.0,calendar,text/calendar,[RFC5545]
STRING_CSS_STYLE_SHEET|1.0,css,text/css,[RFC2318]
STRING_CSV|1.0,csv,text/csv,[RFC4180][RFC7111]
,csv-schema,text/csv-schema,[National_Archives_UK][David_Underdown]
DIRECTORY|1.0,directory - DEPRECATED by RFC6350,text/directory,[RFC2425][RFC6350]
,dns,text/dns,[RFC4027]
,ecmascript - OBSOLETED in favor of application/ecmascript,text/ecmascript,[RFC4329]
,encaprtp,text/encaprtp,[RFC6849]
,enriched,,[RFC1896]
,example,text/example,[RFC4735]
,flexfec,text/flexfec,[RFC8627]
,fwdred,text/fwdred,[RFC6354]
,grammar-ref-list,text/grammar-ref-list,[RFC6787]
STRING_HTML,html,text/html,[W3C][Robin_Berjon]
STRING_JAVASCRIPT,javascript - OBSOLETED in favor of application/javascript,text/javascript,[RFC4329]
,jcr-cnd,text/jcr-cnd,[Peeter_Piegaze]
,markdown,text/markdown,[RFC7763]
,mizar,text/mizar,[Jesse_Alama]
,n3,text/n3,[W3C][Eric_Prudhommeaux]
,parameters,text/parameters,[RFC7826]
,parityfec,,[RFC5109]
,plain,,[RFC2046][RFC3676][RFC5147]
,provenance-notation,text/provenance-notation,[W3C][Ivan_Herman]
,prs.fallenstein.rst,text/prs.fallenstein.rst,[Benja_Fallenstein]
,prs.lines.tag,text/prs.lines.tag,[John_Lines]
,prs.prop.logic,text/prs.prop.logic,[Hans-Dieter_A._Hiep]
,raptorfec,text/raptorfec,[RFC6682]
,RED,text/RED,[RFC4102]
,rfc822-headers,text/rfc822-headers,[RFC6522]
STRING_RICHTEXT,richtext,text/richtext,[RFC2045][RFC2046]
STRING_RICHTEXT,rtf,text/rtf,[Paul_Lindner]
,rtp-enc-aescm128,text/rtp-enc-aescm128,[_3GPP]
,rtploopback,text/rtploopback,[RFC6849]
,rtx,text/rtx,[RFC4588]
,sgml,text/sgml,[RFC1874]
,strings,text/strings,[IEEE-ISTO-PWG-PPP]
,t140,text/t140,[RFC4103]
STRING_TAB,tab-separated-values,text/tab-separated-values,[Paul_Lindner]
STRING_PLAINTEXT,plain,text/plain,
,troff,text/troff,[RFC4263]
,turtle,text/turtle,[W3C][Eric_Prudhommeaux]
,ulpfec,text/ulpfec,[RFC5109]
,uri-list,text/uri-list,[RFC2483]
STRING_VCARD,vcard,text/vcard,[RFC6350]
,vnd.a,text/vnd.a,[Regis_Dehoux]
,vnd.abc,text/vnd.abc,[Steve_Allen]
,vnd.ascii-art,text/vnd.ascii-art,[Kim_Scarborough]
,vnd.curl,text/vnd.curl,[Robert_Byrnes]
,vnd.debian.copyright,text/vnd.debian.copyright,[Charles_Plessy]
,vnd.DMClientScript,text/vnd.DMClientScript,[Dan_Bradley]
,vnd.dvb.subtitle,text/vnd.dvb.subtitle,[Peter_Siebert][Michael_Lagally]
,vnd.esmertec.theme-descriptor,text/vnd.esmertec.theme-descriptor,[Stefan_Eilemann]
,vnd.fly,text/vnd.fly,[John-Mark_Gurney]
,vnd.fmi.flexstor,text/vnd.fmi.flexstor,[Kari_E._Hurtta]
,vnd.gml,text/vnd.gml,[Mi_Tar]
,vnd.graphviz,text/vnd.graphviz,[John_Ellson]
,vnd.hgl,text/vnd.hgl,[Heungsub_Lee]
,vnd.in3d.3dml,text/vnd.in3d.3dml,[Michael_Powers]
,vnd.in3d.spot,text/vnd.in3d.spot,[Michael_Powers]
,vnd.IPTC.NewsML,text/vnd.IPTC.NewsML,[IPTC]
,vnd.IPTC.NITF,text/vnd.IPTC.NITF,[IPTC]
,vnd.latex-z,text/vnd.latex-z,[Mikusiak_Lubos]
,vnd.motorola.reflex,text/vnd.motorola.reflex,[Mark_Patton]
,vnd.ms-mediapackage,text/vnd.ms-mediapackage,[Jan_Nelson]
,vnd.net2phone.commcenter.command,text/vnd.net2phone.commcenter.command,[Feiyu_Xie]
,vnd.radisys.msml-basic-layout,text/vnd.radisys.msml-basic-layout,[RFC5707]
,vnd.senx.warpscript,text/vnd.senx.warpscript,[Pierre_Papin]
,vnd.si.uricatalogue - OBSOLETED by request,text/vnd.si.uricatalogue,[Nicholas_Parks_Young]
,vnd.sun.j2me.app-descriptor,text/vnd.sun.j2me.app-descriptor,[Gary_Adams]
,vnd.sosi,text/vnd.sosi,[Petter_Reinholdtsen]
,vnd.trolltech.linguist,text/vnd.trolltech.linguist,[David_Lee_Lambert]
,vnd.wap.si,text/vnd.wap.si,[WAP-Forum]
,vnd.wap.sl,text/vnd.wap.sl,[WAP-Forum]
,vnd.wap.wml,text/vnd.wap.wml,[Peter_Stark]
,vnd.wap.wmlscript,text/vnd.wap.wmlscript,[Peter_Stark]
STRING_XML,xml,text/xml,[RFC7303]
,xml-external-parsed-entity,text/xml-external-parsed-entity,[RFC7303]
